GT14-096B;;3;7 731,00;1
B0-009B;;1;7 395,00;
TF035-048B;;3;7 059,00;
K03-137BR;;1;7 900,00;1
GT12-040B;;4;7 731,00;1
R2S-063-HB;;2;10 085,00;1
TD04-079;;3;6 051,00;1
B03-024BR;;1;10 757,00;1
B01-027B;;1;8 068,00;1
GT17-131;;3;8 908,00;
R2S-063-LBR;;3;11 261,00;1
R2S-073-HB;;4;9 748,00;1
TH-Co001M;alluminium e&e;1;29 245,00;1
NR-N095R;;1;7 227,00;1
K03-181B;;3;15 127,00;1
K03-078-1B;;4;8 740,00;1
RK-K22-7R;;4;1 227,00;1
R2S-070-HB;;4;22 018,00;1
K03-136B;;1;7 900,00;1
K03-035-1B;;5;7 227,00;1
GT17-060-3B;;3;6 555,00;1
CT-VNT-1B;;4;6 723,00;1
KAM-041B;801513 н,о;2;13 278,00;1
RHF5-131B;;2;10 421,00;
TD04-159BR;TD04-159BR;3;7 227,00;1
CT20-010;;1;8 236,00;1
NR-N001;;1;2 689,00;1
NR-N002;;1;2 773,00;1
NR-N004;;2;2 689,00;1
NR-N005;;3;3 109,00;1
NR-N008;;6;5 042,00;1
NR-N008-1;;7;4 874,00;1
NR-N008-2;;3;5 042,00;1
NR-N008-3;;2;5 546,00;1
NR-N008-4;;1;5 210,00;1
NR-N008-5;;3;5 546,00;1
NR-N008-7;;2;4 874,00;1
NR-N008-S;;2;874,00;1
NR-N011;;6;5 042,00;1
NR-N015;;1;3 109,00;1
NR-N021;;1;3 614,00;1
NR-N021-1B;;1;2 857,00;1
NR-N022;;2;5 883,00;1
NR-N030;;7;4 874,00;1
NR-N037;;2;3 025,00;1
NR-N040;;2;6 387,00;1
NR-N042;;12;3 025,00;1
NR-N042-2B;;1;2 689,00;1
NR-N045;;3;5 042,00;1
NR-N050;;2;3 446,00;1
NR-N053;;3;7 731,00;1
NR-N055-2B;;4;3 025,00;
NR-N064;;2;5 378,00;1
NR-N064-2;;1;5 210,00;1
NR-N068;;2;3 866,00;1
NR-N076-1;;4;6 051,00;1
NR-N078;;3;2 941,00;1
NR-N087;;4;7 227,00;1
NR-N092-1;;4;5 883,00;1
NR-N092R;;1;6 051,00;1
NR-N094;;2;5 378,00;
NR-N096;;4;6 387,00;1
NR-N098;;3;6 219,00;1
NR-N107;;2;6 387,00;1
NR-N121;;3;7 395,00;1
NR-N130;;1;6 051,00;1
NR-N133;;2;6 051,00;1
NR-VGT-VG1-002;;4;13 950,00;1
FLP-020;49131-07005;9;1 025,00;1
FLP-072;49477-02001/2/3/4/5/6/7/8;9;756,00;1
FLP-076;10009700076;3;2 017,00;1
TNHLFLP-N63;;2;2 017,00;1
B0-006B;;2;7 059,00;1
B01-002BR;;2;7 563,00;1
B01-004BR;;1;7 731,00;1
B03-001;;5;8 404,00;1
B03-012B;;1;9 580,00;1
B03-013BR;;1;9 412,00;1
B03-028BRG;;1;23 194,00;1
B2-007;;5;11 429,00;1
B2-025;;2;11 429,00;1
R2S-071-L;B3-000-C;7;14 286,00;1
BM-003BR;;1;8 068,00;1
BV38-002B;;1;6 723,00;1
BV38-003B;;2;7 227,00;1
BV40-000B;;4;6 723,00;1
BV40-002B;;4;7 395,00;1
BV40-008B;;2;8 236,00;1
Co-002BR;;2;7 900,00;1
Co-009BR;Старое RHF5-087,RHF5-122;3;8 740,00;1
CT-VNT2;;1;7 563,00;1
CT-VNT3B;;3;8 572,00;1
CT-VNT4B;;1;8 572,00;1
CT16-000;;3;5 883,00;1
CT20-005;;4;8 068,00;1
CZ-002;C14;2;7 563,00;1
CZ-008;K27-145-01;8;8 068,00;1
CZ-019B;;5;8 572,00;1
GT12-043BR;;1;7 563,00;1
GT12-051B;;1;8 404,00;1
GT14-005;;1;7 563,00;1
GT14-009;;1;6 555,00;1
GT14-013;;4;6 051,00;1
GT14-018;;12;6 723,00;1
GT14-037;;5;7 731,00;1
GT14-038;;1;7 059,00;1
GT14-044B;;1;7 900,00;
GT14-053B;;4;8 404,00;
GT14-056B;;5;7 395,00;1
GT15-001;;2;5 042,00;1
GT15-014;;2;5 546,00;1
GT15-025;;4;5 546,00;1
GT15-035;;4;5 210,00;1
GT15-044;;2;5 042,00;
GT15-086;;6;6 723,00;1
GT15-091;;2;7 395,00;1
GT15-094;;2;6 891,00;1
GT15-099;;1;7 227,00;1
GT15-110;;2;7 059,00;1
GT15-112B;;1;7 059,00;1
GT16-000;;1;5 715,00;1
GT16-002;;1;6 723,00;1
GT17-008;;1;6 387,00;1
GT17-012;;2;6 051,00;
GT17-017;;6;7 731,00;1
GT17-045;;1;8 908,00;1
GT17-055;;1;8 572,00;1
GT17-058;Старое GT17-187;3;7 395,00;1
GT17-060;GT17-060;12;6 219,00;1
GT17-061;;1;8 572,00;1
GT17-066;;5;9 244,00;1
GT17-073;;3;7 059,00;1
GT17-074;тонкий;9;7 059,00;1
GT17-074-1;толстый;9;7 227,00;1
GT17-088;;1;7 900,00;1
GT17-089;;2;8 068,00;
GT17-092-1;тонкий;8;7 395,00;1
GT17-110;;2;8 908,00;1
GT17-112;;6;8 068,00;1
GT17-117BG;;4;15 127,00;1
GT17-128;;2;8 404,00;1
GT17-129;;1;8 404,00;1
GT17-153B;;2;8 572,00;
GT17-162BG;;2;17 312,00;1
GT17-168;;5;7 395,00;1
GT17-169;;1;7 395,00;1
GT17-174;SALGA vin;1;9 076,00;1
GT20-025;;5;6 387,00;1
GT20-037;;2;8 068,00;1
GT20-044;;6;7 395,00;1
GT20-047;Старое GT20-079;5;7 900,00;1
GT20-062;;5;7 900,00;1
GT20-078BG;;1;17 648,00;1
GT20-113B;;2;10 253,00;
GT20-118BR;;1;8 740,00;1
GT22-026;;2;8 572,00;1
GT22-033;;4;8 404,00;1
GT22-034;;1;8 236,00;1
GT22-037;;1;8 068,00;1
GT22-043R;Старое GT22-044;7;8 404,00;1
GT22-048;Старое GT22-006;3;7 059,00;1
GT22-085BR;;1;8 068,00;1
GT22-118R;;2;8 404,00;
GT22-119R;;4;8 404,00;
GT23-006;gt23-001;1;8 404,00;1
GT23-004;;2;7 227,00;1
GT25-002;;1;6 891,00;1
GT25-028;;1;6 891,00;1
GTR-011G;;3;16 135,00;1
HE-009;;6;6 387,00;1
HE-012;;4;8 068,00;1
HE-024;;2;5 883,00;1
HX-001;;3;7 900,00;1
HX-002;аналог hx-013;3;8 404,00;1
HY55-002;;1;40 674,00;1
HY55-003;;2;40 842,00;1
HY55-008;;1;41 346,00;1
K03-004-1;;1;6 219,00;1
K03-009;;5;6 051,00;1
K03-023;;1;5 210,00;1
K03-024;;7;6 219,00;1
K03-031;;1;6 219,00;1
K03-036;;5;6 219,00;1
K03-040;;5;6 387,00;1
K03-041;;2;6 555,00;1
K03-043B;;3;7 227,00;1
K03-047;;3;6 723,00;1
K03-048B;;1;6 723,00;1
K03-054B;;4;6 891,00;1
K03-056;;12;6 387,00;1
K03-058B;;1;8 236,00;1
K03-062B;;7;7 563,00;1
K03-067BR;;2;7 563,00;1
K03-078B;;7;8 572,00;1
K03-095B;;5;8 740,00;1
K03-096B;;8;7 731,00;1
K03-107B;;3;7 563,00;1
K03-114B;;4;8 236,00;1
K03-120B;;3;8 068,00;1
K04-017;;8;8 236,00;1
K04-047;;4;8 572,00;1
K0CG-007BR;K0CG-008BR;3;8 908,00;
K0CG-010BR;;3;8 236,00;1
K0CG-011B;;3;8 236,00;1
K14-009;;2;6 219,00;1
K29-000B;;4;13 446,00;1
K31-004-C;;4;14 286,00;1
KAM-029;TKP80.15.13;5;9 412,00;1
KP35-005;;2;5 378,00;1
KP35-013;;1;5 378,00;1
KP39-001;;1;5 546,00;1
KP39-002;;2;5 546,00;1
KP39-003;;3;5 546,00;1
KP39-005;;1;6 051,00;1
KP39-006;;4;6 051,00;1
KP39-007;;3;6 219,00;1
KP39-013;;1;5 883,00;1
KP39-015;;6;6 723,00;1
KP39-021;;1;6 723,00;1
KP39-022;Старое R2S-025-H;1;5 546,00;1
KP39-024;;1;6 555,00;1
KP39-027;;1;6 387,00;1
KP39-035B;;2;6 723,00;1
R2S-000-HB;;3;5 715,00;1
R2S-000-L1B;;6;6 219,00;1
R2S-000-LB;;3;6 555,00;1
R2S-001-LB;Старое R2S-016-L;6;6 387,00;1
R2S-003-HB;;4;5 042,00;1
R2S-005-HB;;2;5 378,00;1
R2S-005-LB;;5;6 723,00;1
R2S-007-L;;3;11 597,00;1
R2S-011-L;Старое R2S-011-L / K26-006;3;8 404,00;1
R2S-020-H;;4;6 387,00;1
R2S-020-L;;3;7 900,00;1
R2S-021-L;;4;7 227,00;1
R2S-031-HB;;5;6 219,00;1
R2S-031-LB;;6;7 731,00;1
R2S-035-1-HB;;3;6 723,00;1
R2S-035-1-LB;;3;8 404,00;1
R2S-035-HB;;3;7 059,00;1
R2S-035-LBR;;2;8 404,00;1
R2S-036-HB;;2;7 731,00;1
R2S-039-HB;;4;6 891,00;1
R2S-039-LB;;3;8 236,00;1
R2S-021-H;R2S-042-H;2;5 378,00;1
RHF3-012B;;4;7 563,00;1
RHF3-035BR;;2;7 900,00;1
RHF3-055B;;1;7 731,00;1
RHF4-003;;6;6 723,00;1
RHF4-016;;2;6 723,00;1
RHF4-027;;2;6 723,00;1
RHF4-028;;1;7 227,00;1
RHF4-037;;1;8 404,00;1
RHF4-041-1;;1;8 404,00;1
RHF4-042;;2;6 891,00;1
RHF4-053;;4;8 404,00;1
RHF4-059BR;;3;8 572,00;1
RHF4-081;;2;7 227,00;1
RHF4-115B;Старое RHF5-093;3;8 068,00;1
RHF4-141B;;3;7 900,00;
RHF5-001;;3;7 059,00;1
RHF5-019;;3;7 227,00;1
RHF5-027;;4;7 227,00;1
RHF5-088;;3;8 404,00;1
S1-000;;2;5 715,00;1
S2-006;S2B;6;8 572,00;1
S2-141;S200 метан;2;8 068,00;1
S3-104;;2;11 261,00;1
TD02-003;;3;4 874,00;1
TD02-004;;1;5 715,00;1
TD02-014BR;;7;6 723,00;1
TD02-027BR;;1;6 891,00;1
TD02-042BR;;1;7 227,00;1
TD03-002;;3;5 042,00;1
TD03-005;;3;6 387,00;1
TD03-008;;5;6 723,00;1
TD04-003;;4;5 378,00;1
TD04-009;;1;6 891,00;1
TD04-029;;3;7 059,00;1
TD04-062;;4;7 059,00;1
TD04-067;;1;6 051,00;1
TD04-121B;;2;8 068,00;1
TD04-138BR;;2;8 236,00;1
TD04-VG1;;4;7 059,00;1
TD04-VG12;;1;7 059,00;1
TD04-VG14;;4;8 236,00;1
TD04-VG2;;6;7 059,00;1
TD04-VG6;;2;8 740,00;1
TD04-VG7;;4;8 404,00;1
TD04-VG9;;4;8 236,00;1
TD05-001;;3;8 068,00;1
TF035-008;;3;5 883,00;1
TF035-009;;1;5 378,00;1
TF035-VG10BR;;1;6 555,00;1
TF035-VG12B;;5;7 395,00;1
TF035-VG2;;1;6 219,00;1
TF035-VG6B;;4;7 059,00;1
AC-BW009;;5;1 546,00;1
AC-G023;;2;1 076,00;1
AC-G144e;;2;5 210,00;1
AC-G150eh;;3;3 866,00;1
AC-G152eh;;5;4 370,00;1
AC-H008;;3;6 387,00;1
AC-I091-1;;1;1 378,00;1
AC-I162-1ev;;3;2 017,00;1
AC-I162-2;;1;1 345,00;1
AC-K038;Старое AC-K080-1;1;1 681,00;1
AC-K103-1ev;AC-K067-1ev / AC-K299-2ev;3;840,00;1
AC-K106eh;;3;7 563,00;1
AC-M039-1v;;2;1 177,00;1
TN-EAW-001-1;;3;2 353,00;
TH-G146MS;;6;5 294,00;1
TH-I032S;;4;4 538,00;1
TH-I033S;;2;4 538,00;1
TH-I044MS;;4;8 572,00;1
TH-I047MS;;2;8 404,00;1
TH-I049MS;;6;11 261,00;1
TH-I134-1S;;8;8 404,00;1
TH-I136MS;;2;10 085,00;1
TH-K012;;2;5 378,00;1
TH-K014;;2;4 118,00;1
TH-K035MS;;2;7 563,00;1
TH-K041S;;4;4 202,00;1
TH-K049-1MS;;4;10 841,00;1
TH-K051MS;;2;13 278,00;1
TH-K060S;;2;4 538,00;1
TH-K061MS;;5;9 580,00;1
TH-M023S;;2;3 866,00;1
TH-M040MS;;4;9 412,00;1
TH-M051-1MS;;6;17 144,00;1
TH-M223M;;2;15 127,00;1
TW-0308;;4;4 034,00;1
TW-0510;;3;2 437,00;1
RK-G51-2;;4;2 437,00;1
7403-1118010;;1;11 261,00;1
7403-1118008;;1;11 261,00;1
AC-I045-1;;8;1 177,00;1
AC-I162;Старое AC-I115-1;2;1 345,00;1
AC-K081-2ev;;4;840,00;1
GT12-029B;;2;7 059,00;1
