K04-024-1;;1;10 267,00;;;
TN-FLP-7643147;B58;2;3 159,00;;;
EAW-002;червь B;19;1 106,00;;;
TH-G049;;2;4 107,00;;;
TH-K253;;1;5 528,00;;;
TD04-091;;2;6 002,00;;;
GT40-035;;4;8 213,00;;;
GT14-085B;;1;7 898,00;;;
R2S-041-LB;;1;8 687,00;;;
GT17-202BR;;1;9 161,00;;;
B0-009B;;1;6 950,00;;;
Co-010BR;;1;11 057,00;;;
AC-G466e;;1;6 002,00;;;
AC-G724eh;;1;7 898,00;;;
AC-G726eh;;1;8 055,00;;;
AC-BW027e;;1;60 811,00;;;
TN-AC-K199-1eh;59001107265\6nw010430-34;1;7 582,00;;;
TN-AC-G943e;;1;7 266,00;;;
TN-AC-G337e;;1;11 057,00;;;
TF035-048B;;1;6 634,00;;;
CW-1885BR;;1;1 580,00;;;
NR-N108-3;;1;6 002,00;;;
TN-FLP-N63-1;840069;2;1 895,00;;;
TN-RHF4-099;vp71/1118010-a02-aa/jqp53;1;8 529,00;;;
GT14-030;;1;7 582,00;;;
GT12-039B;;1;7 740,00;;;
TN-HE4-007B;;1;61 443,00;;;
AC-BW025e;;1;7 740,00;;;
T2-074;;1;5 528,00;;;
TN-GT884750;884750-0002;1;13 426,00;;;
NR-N089-4;;1;6 476,00;;;
NR-N124-1R;;2;5 686,00;;;
R2S-041-HBR;;1;9 003,00;;;
GT20-063;;1;6 792,00;;;
GT12-033-1B;;1;7 108,00;;;
GT14-088B;;2;7 108,00;;;
TN-RHF5-045;;1;7 424,00;;;
TN-HX-131;3599492;1;8 529,00;;;
GT17-090;;1;7 266,00;;;
T2-131;;1;6 476,00;;;
TH-K204;;1;3 791,00;;;
TN-TH-I332;VJ24;1;4 344,00;;;
AC-G504eh;;1;4 107,00;;;
GT14-082B;;1;8 845,00;;;
GT14-086B;;2;8 687,00;;;
GT17-227B;;3;14 373,00;;;
GT32-019-1;;2;9 161,00;;;
GT14-099B;;1;8 529,00;;;
R2S-063-LBR;;3;13 110,00;;;
RHF3-034-1B;;1;9 477,00;;;
RHF4-127;;2;8 687,00;;;
R2S-067-LB;;2;13 900,00;;;
R2S-067-1HB;;2;9 793,00;;;
AC-GW001e;;1;7 266,00;;;
TN-FLP-124;1761178;2;1 895,00;;;
AC-I174eh;;1;9 319,00;;;
AC-K331e;;2;;;;
AC-K331-2e;;2;10 899,00;;;
AC-I217e;;1;4 739,00;;;
K03-026;;1;6 160,00;;;
KP39-019B;;1;6 318,00;;;
RHF4-082;;2;7 740,00;;;
NR-N163;;1;12 004,00;;;
TN-Turbo-S294;AL-2013, A4710903480;1;81 344,00;;;
B3-014B;;1;21 481,00;;;
CT12-008;;1;7 266,00;;;
K03-025;;1;6 002,00;;;
NGT-029BR;;2;8 371,00;;;
RHF5-131B;;3;9 793,00;;;
TF035-VG12-1B;;2;7 582,00;;;
Q;;1;;;;
AC-BW005e;AC-BW005e;1;6 318,00;;;
TD04-159BR;TD04-159BR;2;6 792,00;;;
TN-CHRA-C1292;С12-092;1;18 638,00;;;
TF035-VG11;;2;8 371,00;;;
BV55-000B;;1;18 480,00;;;
B01-011B;;1;7 898,00;;;
GT37-014;;1;9 319,00;;;
RHF3-021;;2;7 898,00;;;
GT12-063-1B;;1;8 213,00;;;
K03-085B;;2;8 529,00;;;
K03-116B;;2;7 740,00;;;
R2S-072-HB;;3;9 477,00;;;
NR-N039-1;;1;3 001,00;;;
NR-N084-1B;;1;3 001,00;;;
NR-VGT-VG8-007-N;;1;13 268,00;;;
BP-BW1-1B;;1;221,00;;;
BP-GT006;;1;363,00;;;
BP-GT017;;1;363,00;;;
BP-GT030-3;;1;300,00;;;
BP-H16-1B;;1;474,00;;;
BP-I16-6;;1;505,00;;;
BP-K3-2B;;1;174,00;;;
BP-K4-5;;1;963,00;;;
BP-KA4-1B;90-14;1;411,00;;;
BP-S10-1B;;1;363,00;;;
BP-T3-2;;1;521,00;;;
NR-N008-1-S;;1;1 232,00;;;
NR-N008-2-S;;1;1 232,00;;;
NR-N008-S;;2;821,00;;;
NR-N010;;1;5 054,00;;;
NR-N012;;1;3 317,00;;;
NR-N015-2;;1;2 685,00;;;
NR-N016;;1;3 159,00;;;
NR-N016-2;;1;3 317,00;;;
NR-N019-3;;2;3 317,00;;;
NR-N022-1;;1;5 686,00;;;
NR-N030-1-S;;1;1 264,00;;;
NR-N041;;1;3 633,00;;;
NR-N043;;1;6 476,00;;;
NR-N043-1;;2;8 055,00;;;
NR-N044;;1;3 317,00;;;
NR-N045;;1;4 739,00;;;
NR-N055-1B;;1;2 843,00;;;
NR-N057-1B;;1;3 080,00;;;
NR-N058-1B;;2;3 475,00;;;
NR-N065;;2;6 002,00;;;
NR-N069;;1;5 212,00;;;
NR-N085-1;;2;5 054,00;;;
NR-N085R;;1;6 002,00;;;
NR-N089;;1;5 844,00;;;
NR-N090-1;;1;6 318,00;;;
NR-N091-1;;1;11 846,00;;;
NR-N099;;1;3 949,00;;;
NR-N104;;1;13 900,00;;;
NR-N108;;1;6 002,00;;;
NR-N111;;1;6 318,00;;;
NR-N115;;1;3 633,00;;;
NR-N122;;1;7 582,00;;;
NR-N125;;1;7 424,00;;;
NR-N128;;1;5 844,00;;;
NR-N130;;1;5 686,00;;;
NR-N131;;1;6 476,00;;;
NR-N140;;6;8 371,00;;;
NR-N152;;1;12 952,00;;;
NR-VG1-2e;;2;4 423,00;;;
NR-VG7-set2;;1;18 480,00;;;
NR-VG8-2b;;1;4 107,00;;;
NR-VGT-VG1-001;;2;13 426,00;;;
NR-VGT-VG6-001;;4;13 110,00;;;
TN-FLP-037;03F145701R/G/F;3;1 580,00;;;
TN-FLP-072-1;49477-02401;1;1 895,00;;;
TN-FLP-073-1;18539700010/b03-004;2;3 949,00;;;
TN-FLP-080;;2;1 895,00;;;
TN-FLP-N55;1853-970-0008;2;1 895,00;;;
TN-FLP-S63-1;gt22-053/54-800075;2;1 895,00;;;
B01-002BR;;2;7 108,00;;;
B01-004BR;;3;7 266,00;;;
B01-010BR;;1;6 792,00;;;
B01-015BR;;1;7 898,00;;;
B03-003B;;1;8 687,00;;;
B1-004;;1;8 213,00;;;
B2-026B;;1;11 846,00;;;
B2-028;;1;10 741,00;;;
B2-057;;1;11 372,00;;;
B3-001;;2;16 269,00;;;
B3-011B;;1;16 111,00;;;
BM-004B;;2;7 108,00;;;
BV40-006B;;1;7 740,00;;;
BV40-008B;;1;7 740,00;;;
BV70-000B;;2;24 798,00;;;
CT12-000;;1;8 055,00;;;
CT12-002;;2;6 634,00;;;
CT12-003;;1;7 582,00;;;
CT16-000;;2;5 528,00;;;
CT16-004;;2;6 318,00;;;
CT20-006;;1;8 529,00;;;
CT26-002;;1;8 371,00;;;
GT12-000;;1;6 002,00;;;
GT12-033B;;1;6 792,00;;;
GT12-043BR;;2;7 108,00;;;
GT12-045B;;2;7 740,00;;;
GT12-059B;;1;7 424,00;;;
GT14-012;;1;5 844,00;;;
GT14-015;;1;6 160,00;;;
GT14-022;;2;7 424,00;;;
GT14-031;;1;6 792,00;;;
GT14-033B;;3;7 898,00;;;
GT14-049B;;1;8 055,00;;;
GT14-051B;;1;7 424,00;;;
GT14-055B;;2;8 529,00;;;
GT14-087BR;;3;7 424,00;;;
GT15-002;;1;4 739,00;;;
GT15-005;;1;5 212,00;;;
GT15-006;;2;5 844,00;;;
GT15-013;;1;4 739,00;;;
GT15-024-1;;1;5 686,00;;;
GT15-037;;1;6 950,00;;;
GT15-040;GT15-041;1;6 318,00;;;
GT15-043;;1;5 054,00;;;
GT15-057;;1;5 212,00;;;
GT15-065;;1;5 686,00;;;
GT15-096;;1;6 160,00;;;
GT15-112B;;1;6 634,00;;;
GT16-001;;1;6 160,00;;;
GT16-005;;1;7 108,00;;;
GT17-003;;1;7 266,00;;;
GT17-007;;1;6 160,00;;;
GT17-013;;2;5 370,00;;;
GT17-016;;1;6 160,00;;;
GT17-024;;1;6 002,00;;;
GT17-032;;1;6 160,00;;;
GT17-033;;3;6 792,00;;;
GT17-042;;1;7 108,00;;;
GT17-063;Заменили на GT17-062;1;6 318,00;;;
GT17-064;;1;7 108,00;;;
GT17-078;;1;6 792,00;;;
GT17-079;;1;5 686,00;;;
GT17-089;;1;7 582,00;;;
GT17-123;;1;8 213,00;;;
GT17-149;;3;7 266,00;;;
GT17-153B;;1;8 055,00;;;
GT17-161BG;;2;16 269,00;;;
GT17-201;;2;8 371,00;;;
GT18-006;;1;6 002,00;;;
GT18-012;;1;6 476,00;;;
GT18-013;;2;6 476,00;;;
GT20-001;;3;5 844,00;;;
GT20-008;;2;5 686,00;;;
GT20-014;;1;5 686,00;;;
GT20-017;;1;5 686,00;;;
GT20-021;;2;5 528,00;;;
GT20-027-W;;1;8 371,00;;;
GT20-029;Заменен на GT20-038;1;7 898,00;;;
GT20-031;;1;8 371,00;;;
GT20-095B;;1;9 951,00;;;
GT20-118BR;;2;8 213,00;;;
GT22-000;;1;6 792,00;;;
GT22-000-1;;1;7 108,00;;;
GT22-002;;2;6 792,00;;;
GT22-007;;1;6 634,00;;;
GT22-015;;3;6 476,00;;;
GT22-017;;3;6 792,00;;;
GT22-023;;2;8 055,00;;;
GT22-025;;1;8 055,00;;;
GT22-028;;1;5 370,00;;;
GT22-031;;1;6 476,00;;;
GT22-036;;1;6 950,00;;;
GT22-038;;1;7 266,00;;;
GT22-046;;1;8 213,00;;;
GT22-064;;2;8 371,00;;;
GT22-089;;2;7 582,00;;;
GT22-118R;;3;7 898,00;;;
GT22-119R;;1;7 898,00;;;
GT25-002;;2;6 476,00;;;
GT25-005;;3;5 370,00;;;
GT25-011;;2;8 845,00;;;
GT25-013;;2;6 160,00;;;
GT25-020;;2;11 846,00;;;
GT25-028;;2;6 476,00;;;
GT32-004;;2;8 213,00;;;
GT32-019-2;;2;9 793,00;;;
GT35-001;;1;9 319,00;;;
TN-GT37-026;753481-1 only;1;15 637,00;;;
GT42-002;;1;10 425,00;;;
GT45-019;;1;13 268,00;;;
GTA-000;;1;31 274,00;;;
GTA-006;;1;14 531,00;;;
GTA-007;;1;23 219,00;;;
GTA-015;;2;25 272,00;;;
HE4-048;;1;38 698,00;;;
HE5-007;;1;17 217,00;;;
HE5-008;;1;12 794,00;;;
HE5-009;;1;12 952,00;;;
HE5-019B;;1;17 690,00;;;
HX-001;;1;7 424,00;;;
HX-005;;2;7 108,00;;;
HX-007;;1;7 582,00;;;
HX-011;;1;7 740,00;;;
HX-053;;1;8 687,00;;;
HX-057;;2;7 266,00;;;
HX-068B;;2;15 321,00;;;
HX-179-C;;8;8 213,00;;;
HX5-000B;;2;13 584,00;;;
HX5-002;;1;11 688,00;;;
HX5-018B;;1;13 426,00;;;
HX5-126;;1;13 742,00;;;
HY55-001;;1;44 384,00;;;
HY55-008;;3;49 438,00;;;
HY55-015B;;1;45 490,00;;;
K03-003;;1;4 896,00;;;
K03-007;;1;5 844,00;;;
K03-014;;1;5 054,00;;;
K03-019;;1;4 896,00;;;
K03-023;;2;4 896,00;;;
K03-027;;1;5 212,00;;;
K03-049;;1;5 686,00;;;
K03-051B;;2;8 213,00;;;
K03-068B;;1;8 371,00;;;
K03-069B;;1;7 108,00;;;
K03-074;;2;6 476,00;;;
K03-084BR;;2;7 898,00;;;
K03-099B;;1;7 740,00;;;
K03-108B;;1;7 898,00;;;
K03-118;;1;6 002,00;;;
K03-155BR;;1;7 740,00;;;
K04-000;;1;5 212,00;;;
K04-004;;1;5 212,00;;;
K04-007;;1;6 002,00;;;
K04-011;;1;7 424,00;;;
K04-023B;;1;6 950,00;;;
K04-028;;2;7 898,00;;;
K04-048;;1;8 213,00;;;
K04-052B;;1;6 634,00;;;
K0CG-003BR;;1;7 740,00;;;
K0CG-007BR;K0CG-008BR;2;8 371,00;;;
K0CG-010BR;;1;7 740,00;;;
K27-001;;2;8 529,00;;;
K27-007;;1;8 687,00;;;
K27-013;;1;8 529,00;;;
K31-002;;1;13 268,00;;;
K31-003;;1;12 478,00;;;
KP31-000;;1;5 370,00;;;
KP35-016B;;3;6 950,00;;;
KP39-011;;2;6 002,00;;;
KP39-034;;2;6 160,00;;;
NGT-016BR;;1;6 792,00;;;
NGT-019B;;2;7 740,00;;;
R2S-008-H;;1;5 844,00;;;
R2S-008-L;;1;7 898,00;;;
R2S-015-H-C;;1;8 687,00;;;
R2S-018-L;;4;12 478,00;;;
R2S-021-L;;2;6 792,00;;;
R2S-028-HB;;2;6 160,00;;;
R2S-035-1-LB;;1;7 898,00;;;
RHF3-025;;1;7 424,00;;;
RHF3-030;;1;7 108,00;;;
RHF3-054-С;;1;10 425,00;;;
RHF3-054B;;1;8 687,00;;;
RHF3-078B;;2;7 266,00;;;
RHF4-004;;1;8 371,00;;;
RHF4-007;;1;6 318,00;;;
RHF4-018;;2;6 318,00;;;
RHF4-021;;1;6 634,00;;;
RHF4-026;;1;7 108,00;;;
RHF4-032;;1;6 318,00;;;
RHF4-040;;1;8 055,00;;;
RHF4-077;;3;7 740,00;;;
RHF4-078;;1;7 898,00;;;
RHF4-094B;;1;8 213,00;;;
RHF4-109;;1;7 266,00;;;
RHF5-002;;2;7 266,00;;;
RHF5-017;;3;6 950,00;;;
RHF5-020;;1;7 266,00;;;
RHF5-023;;1;8 845,00;;;
RHF5-024-1;;2;7 582,00;;;
RHF5-037;;2;6 792,00;;;
RHF5-055;Старое RHF5-051;1;7 424,00;;;
RHF5-065;;1;6 792,00;;;
RHF5-081;;2;7 266,00;;;
RHF5-088;;3;7 898,00;;;
S2-002;;1;9 477,00;;;
T2-003;;1;6 476,00;;;
T2-006;;3;6 160,00;;;
T2-070;;2;5 528,00;;;
TA45-009;;1;10 267,00;;;
TD02-000;;1;4 581,00;;;
TD02-000-1;;1;5 212,00;;;
TD02-005R;;2;6 318,00;;;
TD02-051BR;;3;6 634,00;;;
TD03-024BR;;2;7 266,00;;;
TD03-027B;;1;7 108,00;;;
TD04-009;;1;6 476,00;;;
TD04-014;;1;6 476,00;;;
TD04-019;;1;6 318,00;;;
TD04-026;;1;5 528,00;;;
TD04-036R;;1;6 476,00;;;
TD04-038;;2;7 108,00;;;
TD04-051B;;1;7 424,00;;;
TD04-059;;1;5 686,00;;;
TD04-066;;2;5 528,00;;;
TD04-087;;1;6 792,00;;;
TD04-112B;;2;7 582,00;;;
TN-TD04-119;;2;8 371,00;;;
TD04-VG3;;1;7 582,00;;;
TD04-VG6;;2;8 213,00;;;
TD05-002R;Старое TD05-014;1;8 055,00;;;
TD05-004;;3;6 318,00;;;
TF035-008;;1;5 528,00;;;
AC-BM003-1e;;1;9 161,00;;;
AC-BW007;;1;1 658,00;;;
AC-BW008;;1;1 816,00;;;
AC-BW009;;1;1 453,00;;;
AC-BW038e;;1;6 318,00;;;
AC-CZ002-1;;2;1 580,00;;;
AC-G037;;1;1 580,00;;;
AC-G037-1;;1;1 580,00;;;
AC-G037-2;;2;1 516,00;;;
AC-G072;;2;1 737,00;;;
AC-G084;;1;1 737,00;;;
AC-G085;;1;1 264,00;;;
AC-G147-1ev;;1;3 317,00;;;
AC-G216-2e;;3;4 423,00;;;
AC-G234-1eh;;1;7 740,00;;;
AC-G246eh;;2;8 055,00;;;
AC-G258eh;;1;6 950,00;;;
AC-G261eh;;2;7 424,00;;;
AC-G266e;;2;4 739,00;;;
AC-G275-1ev;;2;2 922,00;;;
AC-G293eh;;1;4 265,00;;;
AC-G296-1ev;;1;1 895,00;;;
AC-G296e;Старое AC-G273e;3;4 896,00;;;
AC-G299e;;1;5 054,00;;;
AC-G301e;;1;5 054,00;;;
AC-G302eh;;1;7 424,00;;;
AC-G310-1e;;1;5 686,00;;;
AC-G322eh;;1;7 898,00;;;
AC-G346eh;;1;5 686,00;;;
AC-G388eh;;1;4 107,00;;;
AC-G392eh;;1;7 740,00;;;
AC-G394eh;;2;6 792,00;;;
AC-G397eh;;1;7 424,00;;;
AC-G419-1ev;;1;2 211,00;;;
AC-G261-1eh;AC-G424eh;1;6 950,00;;;
AC-G481eh;;1;4 423,00;;;
AC-G522eh;;1;7 898,00;;;
AC-H003;;2;1 137,00;;;
AC-H008;;1;6 002,00;;;
AC-H015-2e;;1;63 180,00;;;
AC-H034;;1;1 295,00;;;
AC-H073-1e;;1;60 811,00;;;
AC-I021;;1;1 264,00;;;
AC-I026;;1;1 501,00;;;
TN-AC-I073-2e-1;06k145612e/68mm;1;7 819,00;;;
TN-AC-I074-1e;;1;7 108,00;;;
AC-I078;;1;2 132,00;;;
AC-I166e;;1;7 424,00;;;
AC-K005;;1;5 212,00;;;
AC-K016;;1;1 343,00;;;
AC-K103-2v;;1;853,00;;;
AC-K112;;1;2 527,00;;;
AC-K136;;1;1 580,00;;;
TN-AC-K160e;;1;11 057,00;;;
TN-AC-K195-1e;;1;13 426,00;;;
AC-M001;;1;1 580,00;;;
AC-M018;;1;2 211,00;;;
AC-M019;;2;1 185,00;;;
AC-M060;;2;2 211,00;;;
AC-M070e;;1;4 107,00;;;
AC-M074;;1;1 422,00;;;
AC-M082-1ev;;1;3 633,00;;;
AC-M093e;;1;6 634,00;;;
TN-AC-M219e;;1;7 108,00;;;
AC-S018;;1;2 685,00;;;
AC-S030-1;;1;1 658,00;;;
AC-S037;;1;1 658,00;;;
AC-T002;;1;1 185,00;;;
AC-T013;;1;1 737,00;;;
AC-T016;;1;1 279,00;;;
AC-T025e;;1;7 108,00;;;
TN-EAW-001;;25;1 106,00;;;
CW-0005;;1;584,00;;;
CW-0017-15;;2;869,00;;;
CW-0021;;2;616,00;;;
CW-0037;;1;458,00;;;
CW-0057;Старое CW-0653;1;584,00;;;
CW-0070;;2;584,00;;;
CW-0098;;1;616,00;;;
CW-0121;;1;616,00;;;
CW-0121-1;Старое CW-0082-1;1;616,00;;;
CW-0122;;1;553,00;;;
CW-0189;старое CW-0357,CW-0329;2;584,00;;;
CW-0191;;2;1 264,00;;;
CW-0257;;2;1 185,00;;;
CW-0294;;1;505,00;;;
CW-0297;;4;711,00;;;
CW-0367;;1;537,00;;;
CW-0413;;1;521,00;;;
CW-0423;;1;584,00;;;
CW-0448;90-14 ,CW-1434;2;1 264,00;;;
CW-0503;;2;553,00;;;
CW-0513;Старое CW-0703;2;521,00;;;
CW-0532;;2;648,00;;;
CW-0564;;1;1 343,00;;;
CW-0568-1;;2;1 264,00;;;
CW-0589-1;;1;537,00;;;
CW-0633;;1;584,00;;;
CW-0676-1;;1;490,00;;;
CW-0701;;1;584,00;;;
CW-0735;;1;537,00;;;
CW-0781;;2;632,00;;;
CW-0806;;1;584,00;;;
CW-0810;;2;553,00;;;
CW-0860;;1;1 264,00;;;
CW-1011R;;1;632,00;;;
CW-1127-1;;2;1 264,00;;;
CW-1149;;1;616,00;;;
CW-1226-1;11658570083;1;584,00;;;
CW-1274-1;;1;616,00;;;
CW-1311;;2;727,00;;;
CW-1435-1;;1;1 027,00;;;
CW-1437;;2;1 027,00;;;
CW-1640-1;С13-267,C13-297,53443.111;3;632,00;;;
CW-1719B;;5;2 211,00;;;
TH-BW005M;;1;18 954,00;;;
TH-BW015;;1;4 739,00;;;
TH-G023;;1;3 080,00;;;
TH-G056M;;1;9 003,00;;;
TH-G086;;2;5 212,00;;;
TH-G143;;2;3 159,00;;;
TH-G395-1;;2;2 843,00;;;
TH-I016S;;2;5 686,00;;;
TH-I034S;;2;4 423,00;;;
TN-TH-I169-1M;a2760901480;4;14 216,00;;;
TH-K013;;1;2 685,00;;;
TH-K034MS;;1;9 319,00;;;
TH-K040S;;3;3 159,00;;;
TH-K066;;1;3 317,00;;;
TH-K088S;;1;3 791,00;;;
TH-K095S;;1;2 922,00;;;
TH-K146;;2;3 633,00;;;
TH-K189;;1;8 213,00;;;
TH-M039S;;1;3 317,00;;;
TN-TH-M224M;;1;23 890,00;;;
TW-0092;;1;2 053,00;;;
TW-0101;;1;2 843,00;;;
TW-0129;;2;1 895,00;;;
TW-0179;;4;3 791,00;;;
TW-0199-1;90-14;3;5 528,00;;;
TW-0218;;1;2 211,00;;;
TW-0298;TW-0361;2;1 580,00;;;
TW-0341;;1;1 895,00;;;
TW-0396;;1;2 211,00;;;
TW-0410;;2;2 211,00;;;
TW-0442;Старое TW-0586;2;1 895,00;;;
TW-0489;;1;2 527,00;;;
TW-0502;;1;2 211,00;;;
TW-0608;;1;4 107,00;;;
TW-0619;;1;6 634,00;;;
TW-0638;Заменен на TW-0244;2;3 159,00;;;
TW-0646R;;1;2 290,00;;;
TW-0662;;1;6 792,00;;;
TW-0670;;1;2 369,00;;;
TW-0746;;1;3 001,00;;;
TW-0784;;1;2 211,00;;;
TW-0868;;1;2 290,00;;;
TW-0877;;1;4 581,00;;;
TW-0906;TKP50;2;2 369,00;;;
TW-1022;;1;5 844,00;;;
GK-0761;;8;300,00;;;
RK-BW2-5;;2;2 464,00;;;
RK-BW7-2R;;2;1 153,00;;;
RK-G1-2;;2;869,00;;;
RK-G11-1;;2;1 295,00;;;
RK-G14-1;;2;1 343,00;;;
RK-G19-5;;2;916,00;;;
RK-G2-3;;2;1 737,00;;;
RK-G23-3;;2;1 358,00;;;
RK-G27-1;;1;12 320,00;;;
RK-G44-1R;;1;1 074,00;;;
RK-G5-3;;2;869,00;;;
RK-G5-4;;1;1 137,00;;;
RK-G6-1;;1;1 501,00;;;
RK-H11-2;;4;1 611,00;;;
RK-H14-2;;1;1 501,00;;;
RK-H16-3;;1;1 974,00;;;
RK-H18-1;;1;1 185,00;;;
RK-H3-1;;2;948,00;;;
RK-H8-1R;;2;1 895,00;;;
RK-Hi1-1;;3;1 153,00;;;
RK-Hi2-1;;2;1 580,00;;;
RK-I14-3;;2;10 267,00;;;
RK-I22-1;;2;1 343,00;;;
RK-I35-1;;2;1 469,00;;;
RK-I5-2;;2;869,00;;;
RK-I7-2;;1;916,00;;;
RK-I8-2;;2;900,00;;;
RK-K1-6;;2;948,00;;;
RK-K12-1;;10;1 185,00;;;
RK-K12-2;;10;869,00;;;
RK-K13-3;;2;948,00;;;
RK-K18-7;;1;1 232,00;;;
RK-K2-1;;1;1 137,00;;;
RK-K2-2;;2;1 422,00;;;
RK-K21-1;;6;1 422,00;;;
RK-KA4-2;TKP50;1;1 185,00;;;
RK-M3-1;;2;1 216,00;;;
RK-M3-2;;1;1 185,00;;;
RK-M8-2;;2;1 216,00;;;
RK-M8-4;;2;1 232,00;;;
RK-S1-2;;2;869,00;;;
RK-S16-2;;1;2 290,00;;;
RK-S6-1;;2;1 437,00;;;
RK-S8-2;;3;2 369,00;;;
RK-T10-2;;1;1 706,00;;;
RK-T6-1;;1;1 185,00;;;
Turbo-H004;;1;18 954,00;;;
Turbo-H007;ВХ40 Вт/3536309;1;17 059,00;;;
Turbo-H013;;1;14 531,00;;;
Turbo-H081-1;HE400WG/45104111810690;1;22 113,00;;;
Turbo-K057S;;1;19 428,00;;;
Turbo-K134S;;1;22 429,00;;;
7000-001-0039/701854-0002-3-4;REFONE;1;18 638,00;;;
7000-001-0047/729041-0009;REFONE;1;13 110,00;;;
7000-001-0065/5007г 727265-2,452264-2;REFONE;1;13 110,00;;;
7000-001-0070/727266-0001;Turbo-G269;1;13 110,00;;;
7000-001-0080/7400г 716885-0001-2-3-4;REFONE;1;21 955,00;;;
7000-001-0096/700716-0001-3-4-5-;REFONE;1;13 110,00;;;
7000-001-0102/760774-0003-2-4-5-6;REFONE;1;16 427,00;;;
AC-G218eh;;2;6 634,00;;;
AC-G282e;;1;4 896,00;;;
AC-G293-1eh;;2;7 108,00;;;
AC-K179eh;;2;9 793,00;;;
ТКР Holset НХ40W 4044407;;1;;;;
AC-G628eh;;1;4 265,00;;;
TH-CZ004;;1;3 712,00;;;1
CT-VNT7-1B;;1;9 161,00;;;1
TN-AC-G380-1e;;1;9 477,00;;;1
EAI-001;C индикатор;3;1 042,00;;;1
EAW-001;C;15;711,00;;;1
KP35-028B;;2;7 582,00;;;1
BM-009BR;;1;8 213,00;;;1
TH-I016-3;Старое TH-I016-3;2;6 160,00;;;1
BM-018B;;4;8 055,00;;;1
HX-079B;;1;11 530,00;;;1
TD02-018;;2;5 370,00;;;1
TF035-VG14B;;1;9 003,00;;;1
EAW-003;D;1;1 106,00;;;1
TD02-045BR;;2;7 108,00;;;1
AC-K212e;;1;16 269,00;;;1
TD02-068BR;;2;6 318,00;;;1
GT12-040B;;6;7 266,00;;;1
B03-014BR;;1;8 845,00;;;1
R2S-063-HB;;4;11 530,00;;;1
CW-2002B;;4;3 159,00;;;1
HY55-009B;;1;47 701,00;;;1
TN-AC-G380e;;2;15 479,00;;;1
TN-HE4-048;3773765;1;63 938,00;;;1
HE4-047B;;1;54 967,00;;;1
KAM-040B;TKP 800512 new;1;16 537,00;;;1
B03-024BR;;1;10 109,00;;;1
B01-027B;;1;7 582,00;;;1
B03-007BR;;1;9 161,00;;;1
B03-009BR;;1;9 161,00;;;1
K0CG-004-1BR;;2;8 687,00;;;1
K0CG-004B;;2;8 687,00;;;1
R2S-073-LBR;;1;10 741,00;;;1
TH-Co001M;alluminium e&e;2;27 483,00;;;1
RK-KA13-1;;4;1 580,00;;;1
GT14-045B;;2;6 792,00;;;1
GT14-076B;;2;7 266,00;;;1
B03-008B;;1;9 161,00;;;1
FLP-097;49373-01000;21;1 027,00;;;1
K03-143BR;;1;8 055,00;;;1
TN-Turbo-S295;AL-2020, A4720901880;1;69 498,00;;;1
TH-K133;;1;4 581,00;;;1
KAM-027;TKP-6.1;2;9 951,00;;;1
KAM-027-1;TKP-6;2;13 426,00;;;1
GT17-113R;;1;7 266,00;;;1
K03-035-1B;;9;6 792,00;;;1
GT17-060-3B;;15;6 160,00;;;1
VF-016;VT01/1380-003-012\1044220gh500;3;11 057,00;;;1
KAM-041B;801513 н,о;2;12 478,00;;;1
RHF3-097BR;;1;8 371,00;;;1
K03-172B;;2;6 792,00;;;1
TD02-078B;;1;6 792,00;;;1
TD03-015BR;;1;6 950,00;;;1
K14-006;;1;5 844,00;;;1
B01-014BR;B01-014BR;2;7 266,00;;;1
NR-VGT-VG8-005-N;NR-VGT-VG8-005-N;2;13 268,00;;;1
TF035-VG9B;;2;6 634,00;;;1
TW-0219;;2;18 954,00;;;1
BP-BW2-1B;;1;316,00;;;1
BP-G24-2-1;;2;1 106,00;;;1
BP-GT001;;2;316,00;;;1
BP-GT033-1;;1;284,00;;;1
BP-GT038;;1;316,00;;;1
BP-GT048;;2;363,00;;;1
BP-H3-2B;;2;363,00;;;1
BP-H4-1B;3597659;4;300,00;;;1
BP-K1-14;;2;347,00;;;1
BP-K2-12;;1;995,00;;;1
BP-K8-1B;Старое BP-BW3-1B;1;363,00;;;1
BP-S1-2B;;3;316,00;;;1
BP-S4-1B;;2;284,00;;;1
BP-TK2-1B;;1;253,00;;;1
NR-N001;;4;2 606,00;;;1
NR-N002;;3;2 606,00;;;1
NR-N003;;1;2 764,00;;;1
NR-N004;;1;2 527,00;;;1
NR-N005;;7;3 080,00;;;1
NR-N005-1;;1;3 080,00;;;1
NR-N008;;1;4 739,00;;;1
NR-N008-1;;1;4 581,00;;;1
NR-N008-2;;1;4 739,00;;;1
NR-N008-3;;2;5 212,00;;;1
NR-N008-4;;1;5 528,00;;;1
NR-N008-7;;2;4 739,00;;;1
NR-N015;;1;2 922,00;;;1
NR-N017;;3;4 423,00;;;1
NR-N018;;2;5 844,00;;;1
NR-N021;;4;3 396,00;;;1
NR-N021-1B;;2;3 159,00;;;1
NR-N022;;4;5 528,00;;;1
NR-N030;;2;4 581,00;;;1
NR-N030-S;;1;1 232,00;;;1
NR-N037;;1;2 843,00;;;1
NR-N039;;2;3 080,00;;;1
NR-N042;;3;2 843,00;;;1
NR-N042-2B;;3;2 527,00;;;1
NR-N042-3;;1;3 080,00;;;1
NR-N045-1;;1;4 739,00;;;1
NR-N054-2;;2;3 475,00;;;1
NR-N055-2B;;1;2 843,00;;;1
NR-N057;;1;3 080,00;;;1
NR-N058-3B;;1;3 633,00;;;1
NR-N064;;2;5 054,00;;;1
NR-N064-2;;2;5 054,00;;;1
NR-N071-1;;1;6 950,00;;;1
NR-N076;;5;5 370,00;;;1
NR-N077-1;;1;3 475,00;;;1
NR-N078;;2;2 922,00;;;1
NR-N081;;1;5 212,00;;;1
NR-N082;;2;5 686,00;;;1
NR-N084;;1;3 475,00;;;1
NR-N090;;1;5 844,00;;;1
NR-N092-1;;7;5 686,00;;;1
NR-N092R;;1;5 686,00;;;1
NR-N096;;4;6 160,00;;;1
NR-N105;;1;7 582,00;;;1
NR-N106-1;Старое NR-N108-6;1;6 160,00;;;1
NR-N107;;4;6 002,00;;;1
NR-N121;;2;6 950,00;;;1
NR-N132-2;;1;5 844,00;;;1
NR-N151R;;1;5 844,00;;;1
NR-N153;;2;12 478,00;;;1
NR-VG1-2b;;1;2 685,00;;;1
NR-VG1-4b;;2;1 264,00;;;1
NR-VG1-4c;;1;1 264,00;;;1
NR-VG1-8;;1;553,00;;;1
NR-VG1-9;;1;553,00;;;1
NR-VGT-VG1-002;;3;13 110,00;;;1
NR-VGT-VG8-005;;2;13 268,00;;;1
FLP-020;49131-07005;3;1 106,00;;;1
FLP-021;5303-970-0120;2;1 027,00;;;1
FLP-031;06h145702q;5;995,00;;;1
FLP-044;5303-970-0110;7;948,00;;;1
FLP-045;5303-970-0159;9;1 422,00;;;1
TN-FLP-045-1;c крутилкой;2;1 895,00;;;1
TN-FLP-04E145713Q;Bosch;3;3 317,00;;;1
TN-FLP-055;;2;1 895,00;;;1
TN-FLP-060;5303-970-0086;2;1 895,00;;;1
FLP-064; 53039700064;4;537,00;;;1
FLP-072;49477-02001/2/3/4/5/6/7/8;3;1 895,00;;;1
FLP-076;10009700076;2;1 895,00;;;1
TN-FLP-077;06k145722h;10;3 317,00;;;1
TN-FLP-077-1;06k145722h;7;3 317,00;;;1
TN-FLP-082;06J145702K/T/L;3;2 527,00;;;1
TN-FLP-097;49373-01000;2;1 895,00;;;1
TN-FLP-53049700033;;2;2 843,00;;;1
TN-FLP-A271;;4;2 053,00;;;1
TN-FLP-N63;;3;1 895,00;;;1
TN-FLP-S63;gt22-043;7;1 895,00;;;1
B0-000B;;1;6 634,00;;;1
B01-001B;;1;6 950,00;;;1
B01-008B;;1;7 266,00;;;1
B01-012BR;;1;7 424,00;;;1
B03-000BR;;5;9 161,00;;;1
B03-002;;1;7 898,00;;;1
B1-002;;2;7 898,00;;;1
B1-008B;;3;10 267,00;;;1
B1-011B;;2;10 899,00;;;1
B2-007;;2;10 741,00;;;1
B2-061B;53602.1118010,YaMZ 536 Eu;1;12 004,00;;;1
B3-007-C1;;2;14 216,00;;;1
BM-003BR;;1;7 582,00;;;1
BM-006BR;;1;7 582,00;;;1
BV40-000B;;5;6 318,00;;;1
BV40-002B;;1;6 950,00;;;1
BV40-004B;;2;7 582,00;;;1
BV40-007B;;1;7 266,00;;;1
Co-002BR;;5;7 424,00;;;1
CT-VNT;CT-VNT;6;5 686,00;;;1
CT-VNT3B;;7;8 055,00;;;1
CT-VNT4B;;2;8 055,00;;;1
CT-VNT7BG;;1;18 638,00;;;1
CT16-001;;1;5 686,00;;;1
CT20-001;CT20-000;3;8 529,00;;;1
CT26-000;;1;8 371,00;;;1
CT26-001;;1;9 003,00;;;1
CZ-002;C14;1;7 108,00;;;1
CZ-019B;;4;8 055,00;;;1
GT12-009;;1;6 950,00;;;1
GT12-051B;;2;10 077,00;;;1
GT14-002;;1;7 108,00;;;1
GT14-004;;1;5 370,00;;;1
GT14-005;;1;7 108,00;;;1
GT14-006;;1;6 950,00;;;1
GT14-008;;1;6 318,00;;;1
GT14-009;;6;6 160,00;;;1
GT14-013;;10;5 686,00;;;1
GT14-037;;3;7 266,00;;;1
GT14-038;;1;6 634,00;;;1
GT14-044B;;1;7 424,00;;;1
GT14-048B;;6;7 108,00;;;1
GT14-053-1B;;2;7 898,00;;;1
GT14-053B;;1;7 898,00;;;1
GT14-056B;;4;6 950,00;;;1
GT14-065B;;4;7 898,00;;;1
GT15-001;;2;4 739,00;;;1
GT15-004;;1;4 739,00;;;1
GT15-007;;1;4 739,00;;;1
GT15-014;;1;5 212,00;;;1
GT15-015;;1;5 212,00;;;1
GT15-016;;1;6 002,00;;;1
GT15-019;;1;5 212,00;;;1
GT15-020;;2;5 054,00;;;1
GT15-024;;2;5 370,00;;;1
GT15-028;;1;5 054,00;;;1
GT15-029;;2;5 212,00;;;1
GT15-033;;1;5 528,00;;;1
GT15-035;;1;5 212,00;;;1
GT15-044;;2;5 054,00;;;1
GT15-051;;3;5 370,00;;;1
GT15-063;;2;5 212,00;;;1
GT15-064;;1;5 212,00;;;1
GT15-067;;2;6 634,00;;;1
GT15-070;;2;6 950,00;;;1
GT15-074;;2;6 634,00;;;1
GT15-076;;3;6 634,00;;;1
GT15-077;;3;5 528,00;;;1
GT15-081;;1;5 528,00;;;1
GT15-086;;1;6 318,00;;;1
GT15-087;Старое GT17-217;1;4 896,00;;;1
GT15-092;;2;6 002,00;;;1
GT15-094;;1;6 476,00;;;1
GT15-099;;1;7 266,00;;;1
GT15-100;;3;6 792,00;;;1
GT15-103BR;;1;6 318,00;;;1
GT15-110;;1;6 634,00;;;1
GT17-002;;1;6 002,00;;;1
GT17-005;;2;5 212,00;;;1
GT17-010;;1;6 160,00;;;1
GT17-011;;3;5 528,00;;;1
GT17-022;;1;5 370,00;;;1
GT17-026;;1;6 160,00;;;1
GT17-028;Старое GT17-083;1;6 950,00;;;1
GT17-029;;3;5 370,00;;;1
GT17-030;;1;5 370,00;;;1
GT17-047;;3;7 108,00;;;1
GT17-050;;1;7 108,00;;;1
GT17-051;;1;7 108,00;;;1
GT17-067;;1;5 370,00;;;1
GT17-070;;1;7 266,00;;;1
GT17-074;тонкий;5;6 634,00;;;1
GT17-088;;5;7 424,00;;;1
GT17-092-1;тонкий;7;6 950,00;;;1
GT17-095;;4;7 740,00;;;1
GT17-103;;2;5 054,00;;;1
GT17-104;;1;6 318,00;;;1
GT17-104-1;;2;6 476,00;;;1
GT17-110;;2;8 371,00;;;1
GT17-114BR;;2;7 740,00;;;1
GT17-115;;1;8 845,00;;;1
GT17-117BG;;5;15 479,00;;;1
GT17-129;;3;7 898,00;;;1
GT17-162BG;;2;16 269,00;;;1
GT17-168;;1;6 950,00;;;1
GT18-001;;2;5 844,00;;;1
GT18-005;;1;6 476,00;;;1
GT20-000;;1;5 054,00;;;1
GT20-015;GT20-052;1;5 686,00;;;1
GT20-020;;2;5 370,00;;;1
GT20-030;;4;7 424,00;;;1
GT20-032;;1;7 424,00;;;1
GT20-035;;9;7 424,00;;;1
GT20-038;Старое GT20-029;1;7 898,00;;;1
GT20-044;;5;6 950,00;;;1
GT20-050;;1;6 634,00;;;1
GT20-061;;2;8 845,00;;;1
GT20-072B;;1;9 161,00;;;1
GT20-077;;3;8 213,00;;;1
GT20-078BG;;1;16 585,00;;;1
GT20-099B;;1;8 845,00;;;1
GT20-100BR;;1;8 687,00;;;1
GT20-110B;;1;9 161,00;;;1
GT20-113B;;2;9 635,00;;;1
GT22-005;;2;6 950,00;;;1
GT22-020;;8;6 950,00;;;1
GT22-021;;1;8 055,00;;;1
GT22-026;;7;8 055,00;;;1
GT22-033;;3;7 898,00;;;1
GT22-035;;1;7 740,00;;;1
GT22-043R;Старое GT22-044;4;7 898,00;;;1
GT22-049;;5;6 002,00;;;1
GT22-052;;2;8 687,00;;;1
GT22-073;;2;7 424,00;;;1
GT22-085BR;;1;7 582,00;;;1
GT23-006;gt23-001;1;7 898,00;;;1
GT23-002;;2;6 318,00;;;1
GT23-003;;1;6 476,00;;;1
GT23-004;;6;6 792,00;;;1
GT25-000;;1;6 792,00;;;1
GT25-018;;1;5 686,00;;;1
GT35-003;;1;10 425,00;;;1
GT40-022;;4;14 373,00;;;1
GT42-019-C;;3;12 478,00;;;1
GT42-022;;1;10 899,00;;;1
GTA-012;;1;9 951,00;;;1
GTA-018;Старое GT42-018;1;13 426,00;;;1
GTR-012G;;8;16 427,00;;;1
GTR-039BG;;1;16 585,00;;;1
HE-008;;3;5 686,00;;;1
HE-009;;2;6 002,00;;;1
HE-012;;1;7 582,00;;;1
HE-019B;;1;22 113,00;;;1
HE-021;;1;5 844,00;;;1
HE-024;;1;5 528,00;;;1
HE-039B;;5;6 634,00;;;1
HE-040;;1;6 160,00;;;1
HE4-025B;;2;47 385,00;;;1
HE5-018;;1;12 794,00;;;1
HT-002;;1;7 108,00;;;1
HTB-002R;;1;15 953,00;;;1
HX-002;аналог hx-013;1;7 898,00;;;1
HX-004;;1;7 424,00;;;1
HX-009;;1;7 266,00;;;1
HX-056;;2;7 740,00;;;1
HX-092;;2;7 424,00;;;1
HX-104;;3;8 055,00;;;1
HX25-003;;1;5 528,00;;;1
HX5-000-C;;1;12 004,00;;;1
HX5-003;;2;12 320,00;;;1
HX5-007;;1;11 846,00;;;1
HX5-011;;1;12 162,00;;;1
HX5-042B;;1;13 268,00;;;1
HX5-081;3597659;2;10 741,00;;;1
HX5-089;;2;11 530,00;;;1
HY40-004B;;1;38 540,00;;;1
HY55-002;;1;38 224,00;;;1
K03-000;;1;4 896,00;;;1
K03-004-1;;4;5 844,00;;;1
K03-009;;1;5 686,00;;;1
K03-013;;1;4 896,00;;;1
K03-017;;1;4 896,00;;;1
K03-022;;1;5 686,00;;;1
K03-036;;1;5 844,00;;;1
K03-038B;;2;6 318,00;;;1
K03-039B;;3;6 318,00;;;1
K03-040;;1;6 318,00;;;1
K03-041;;3;6 160,00;;;1
K03-043B;;1;6 792,00;;;1
K03-047;;5;6 318,00;;;1
K03-048B;;2;6 318,00;;;1
K03-055B;;1;6 476,00;;;1
K03-056;;6;6 002,00;;;1
K03-058B;;3;7 740,00;;;1
K03-062B;;1;7 108,00;;;1
K03-067BR;;5;7 108,00;;;1
K03-078B;;9;8 055,00;;;1
K03-079;;1;6 160,00;;;1
K03-081B;;2;7 582,00;;;1
K03-093;;2;6 476,00;;;1
K03-094B;;3;6 634,00;;;1
K03-100B;;2;7 266,00;;;1
K03-107B;;1;7 108,00;;;1
K03-111;;2;7 740,00;;;1
K03-114B;;12;7 740,00;;;1
K03-121BR;;1;7 740,00;;;1
K03-125;;1;6 792,00;;;1
K03-129B;;1;7 740,00;;;1
K03-176;;2;6 318,00;;;1
K04-019;;4;6 160,00;;;1
K04-020-C;;2;5 370,00;;;1
K04-029;;3;7 108,00;;;1
K04-030;;1;8 213,00;;;1
K04-034B;;1;6 002,00;;;1
K04-036;;1;7 108,00;;;1
K04-047;;4;8 055,00;;;1
K0CG-011B;;1;7 740,00;;;1
K14-017;;2;6 476,00;;;1
K16-028;пара: KP35-010B;2;7 582,00;;;1
K16-029;;2;6 476,00;;;1
K24-006;Старое K24-022;2;7 582,00;;;1
K26-008;;1;7 582,00;;;1
K26-027B;;2;10 109,00;;;1
K27-002;K27-003TB;1;7 898,00;;;1
K29-000B;;1;12 636,00;;;1
K29-003B;;2;12 636,00;;;1
K31-005B;;1;13 742,00;;;1
K31-007;;1;13 110,00;;;1
K31-009B;;2;13 584,00;;;1
K31-021B;;1;13 742,00;;;1
KAM-029;TKP80.15.13;3;8 845,00;;;1
KP35-001;;1;4 739,00;;;1
KP35-005;;1;5 054,00;;;1
KP35-013;;1;5 054,00;;;1
KP35-014;;2;6 002,00;;;1
KP39-001;;1;5 212,00;;;1
KP39-001-1;;1;5 844,00;;;1
KP39-004;;1;5 686,00;;;1
KP39-005;;2;6 002,00;;;1
KP39-006;;3;5 686,00;;;1
KP39-009;;2;5 054,00;;;1
KP39-015;;1;6 318,00;;;1
KP39-016;;1;5 844,00;;;1
KP39-020;;2;6 002,00;;;1
KP39-021;;4;6 318,00;;;1
KP39-022;Старое R2S-025-H;1;5 212,00;;;1
KP39-024;;1;6 160,00;;;1
KP39-025;;1;6 160,00;;;1
KP39-027;;2;6 002,00;;;1
KP39-035B;;3;6 318,00;;;1
KY-003B;;3;20 534,00;;;1
KY-007B;;4;20 534,00;;;1
NGT-010BR;;1;6 792,00;;;1
NGT-031BR;;2;6 950,00;;;1
R2S-000-HB;;2;5 370,00;;;1
R2S-000-LB;;2;6 160,00;;;1
R2S-001-LB;Старое R2S-016-L;2;6 002,00;;;1
R2S-003-HB;;1;4 739,00;;;1
R2S-005-HB;;1;5 054,00;;;1
R2S-011-L;Старое R2S-011-L / K26-006;2;7 898,00;;;1
R2S-012-HB;;4;9 003,00;;;1
R2S-013-L;;1;6 634,00;;;1
R2S-018-H;;2;7 898,00;;;1
R2S-020-L;;1;7 424,00;;;1
R2S-031-HB;;1;5 844,00;;;1
R2S-035-1-HB;;1;6 634,00;;;1
R2S-035-LBR;;1;7 898,00;;;1
R2S-036-HB;;1;7 266,00;;;1
R2S-036-LBR;;1;8 529,00;;;1
R2S-039-HB;;3;6 476,00;;;1
R2S-021-H;R2S-042-H;1;5 054,00;;;1
R2S-042-L;;2;7 740,00;;;1
R2S-044-LB;;2;12 320,00;;;1
RH6-027;;1;9 951,00;;;1
RHF3-004;;1;7 108,00;;;1
RHF3-012B;;1;7 108,00;;;1
RHF3-052;;1;6 950,00;;;1
RHF3-053B;;4;7 266,00;;;1
RHF3-055B;;3;7 266,00;;;1
RHF4-009;;2;5 844,00;;;1
RHF4-010;Старое RHF4-046;2;6 318,00;;;1
RHF4-011;;1;6 318,00;;;1
RHF4-016;;1;6 318,00;;;1
RHF4-028;;2;6 792,00;;;1
RHF4-033;;3;8 055,00;;;1
RHF4-037;;1;7 898,00;;;1
RHF4-037-1;;1;8 371,00;;;1
RHF4-041-1;;1;7 898,00;;;1
RHF4-042;;1;6 476,00;;;1
RHF4-051B;;1;7 898,00;;;1
RHF4-052;;1;7 898,00;;;1
RHF4-052-1;;1;7 740,00;;;1
RHF4-059BR;;1;8 055,00;;;1
RHF4-081;;2;6 792,00;;;1
RHF4-091;;7;8 529,00;;;1
RHF4-115B;Старое RHF5-093;1;7 582,00;;;1
RHF5-001;;2;6 634,00;;;1
RHF5-004;;1;6 476,00;;;1
RHF5-007;Старое RHF5-060;2;7 108,00;;;1
RHF5-009;;2;7 266,00;;;1
RHF5-018;;1;7 424,00;;;1
RHF5-019;;4;6 792,00;;;1
RHF5-026;;2;6 792,00;;;1
RHF5-027;;8;6 792,00;;;1
RHF5-031BR;;4;8 055,00;;;1
RHF5-045;;2;7 424,00;;;1
RHF5-049;;1;7 108,00;;;1
RHF5-073;VIGJ;2;7 266,00;;;1
S1-000;;2;5 370,00;;;1
S2-006;S2B;4;8 055,00;;;1
S2-141;S200 метан;4;7 582,00;;;1
S3-093-C;;1;10 425,00;;;1
S3-104;;4;10 583,00;;;1
S4-001;;1;14 531,00;;;1
S4-019B;;1;15 321,00;;;1
T2-085;;1;5 528,00;;;1
TD02-001;;1;4 581,00;;;1
TD02-003;;1;4 581,00;;;1
TD02-004;;7;5 370,00;;;1
TD02-007;;1;4 739,00;;;1
TD02-014BR;;5;6 318,00;;;1
TD02-016;;5;5 212,00;;;1
TD02-023;;2;5 844,00;;;1
TD02-025BR;;1;6 476,00;;;1
TD02-027BR;;2;7 108,00;;;1
TD02-042BR;;2;6 792,00;;;1
TD02-047;;2;5 370,00;;;1
TD02-074BR;;3;6 634,00;;;1
TD03-007;;1;6 002,00;;;1
TD03-008;;2;6 318,00;;;1
TD03-009;;1;6 160,00;;;1
TD03-012;;2;4 896,00;;;1
TD04-002;;3;5 054,00;;;1
TD04-003;;2;5 054,00;;;1
TD04-008;;1;6 476,00;;;1
TD04-016;Старое TD04-063;1;6 476,00;;;1
TD04-018;;1;6 476,00;;;1
TD04-039;;5;5 370,00;;;1
TD04-046;;1;6 160,00;;;1
TD04-048;;1;5 686,00;;;1
TD04-049;;1;8 213,00;;;1
TD04-054R;;1;6 002,00;;;1
TD04-062;;2;6 634,00;;;1
TD04-067;;1;5 686,00;;;1
TD04-083;;2;6 476,00;;;1
TD04-096;;3;6 476,00;;;1
TD04-099;;1;6 634,00;;;1
TD04-109BR;;2;7 582,00;;;1
TD04-VG1;;2;6 634,00;;;1
TD04-VG12;;2;6 634,00;;;1
TD04-VG14;;2;7 740,00;;;1
TD04-VG4;;1;8 055,00;;;1
TD04-VG8;;2;7 898,00;;;1
TD05-001;;2;7 582,00;;;1
TD05-025;;1;6 950,00;;;1
TF035-000;;2;5 686,00;;;1
TF035-001;;1;5 370,00;;;1
TF035-010;;1;5 528,00;;;1
TF035-016;;1;5 686,00;;;1
TF035-018;;3;6 160,00;;;1
TF035-VG1;;1;5 844,00;;;1
TF035-VG10BR;;5;6 160,00;;;1
TF035-VG12B;;3;6 950,00;;;1
TF035-VG13;;1;7 424,00;;;1
TF035-VG6B;;1;6 634,00;;;1
AC-BM002;;1;1 737,00;;;1
AC-BM003e;;1;6 950,00;;;1
AC-BW010;;1;1 990,00;;;1
AC-CZ002;;2;1 295,00;;;1
AC-G076;;1;1 580,00;;;1
AC-G150eh;;4;4 107,00;;;1
AC-G209;;1;1 422,00;;;1
AC-G222eh;;2;7 108,00;;;1
AC-G228eh;;1;7 266,00;;;1
AC-G250eh;;2;4 107,00;;;1
AC-G262eh;;2;7 424,00;;;1
AC-G292eh;;1;4 423,00;;;1
AC-G323;;1;1 737,00;;;1
AC-G383eh;;1;4 265,00;;;1
AC-G385-1eh;;1;6 950,00;;;1
AC-G385eh;;1;7 740,00;;;1
AC-G404eh;;1;6 002,00;;;1
AC-G509e;;2;9 793,00;;;1
AC-H002;;1;1 137,00;;;1
AC-I038;;1;1 121,00;;;1
AC-I085e;;1;9 635,00;;;1
AC-I098e;;1;7 108,00;;;1
AC-K013;;1;1 816,00;;;1
AC-K015-1e;;1;4 739,00;;;1
AC-K083;;2;1 516,00;;;1
AC-K085;;4;1 106,00;;;1
AC-K085-2ev;;2;1 185,00;;;1
AC-K099e;;1;10 109,00;;;1
AC-K103;;4;1 106,00;;;1
AC-K105eh;;1;7 740,00;;;1
AC-K106eh;;1;7 108,00;;;1
TN-AC-K171eh-GB;;1;5 212,00;;;1
AC-K217eh;;1;9 477,00;;;1
AC-KA001;;1;1 042,00;;;1
AC-KA004;;2;1 422,00;;;1
AC-M034-2eh;;2;6 950,00;;;1
AC-M069;;1;1 295,00;;;1
AC-M121eh;;1;6 792,00;;;1
TN-EAI-002;;9;1 422,00;;;1
TN-EAI-001;C;5;1 422,00;;;1
TN-EAI-003;D;4;1 422,00;;;1
TN-EAM-002S;B;6;2 211,00;;;1
TN-EAM-004;D;1;2 843,00;;;1
CW-0019;CW-0060,CW-0107,CW-0120-1;2;458,00;;;1
CW-0027;;4;505,00;;;1
CW-0059;старое CW-0343,CW-0234;1;458,00;;;1
CW-0165;;2;505,00;;;1
CW-0184;;1;948,00;;;1
CW-0198;CW-0364,CW-0372,CW-0391;1;616,00;;;1
CW-0212-1;;1;553,00;;;1
CW-0223;;1;521,00;;;1
CW-0227;;3;505,00;;;1
CW-0268;;2;1 185,00;;;1
CW-0303;;2;521,00;;;1
CW-0319;;2;1 264,00;;;1
CW-0368;;3;553,00;;;1
CW-0416;S2B;5;869,00;;;1
CW-0420;;2;521,00;;;1
CW-0422;CW-0629;2;521,00;;;1
CW-0432;;3;869,00;;;1
CW-0507;;2;584,00;;;1
CW-0510-1;;1;584,00;;;1
CW-0517;;2;521,00;;;1
CW-0527;;1;1 264,00;;;1
CW-0531;TKP7C6;3;616,00;;;1
CW-0569;;1;1 185,00;;;1
CW-0570;;2;1 232,00;;;1
CW-0603;;1;1 422,00;;;1
CW-0667;;2;537,00;;;1
CW-0675-1;;1;1 343,00;;;1
CW-0675-2B;;4;4 581,00;;;1
CW-0678-3;Старое CW-0678-1;1;584,00;;;1
CW-0694;;1;695,00;;;1
Колесо CZ №721(рефон);;1;;;;1
CW-0758;;1;663,00;;;1
CW-0780;;2;584,00;;;1
CW-0828;;1;616,00;;;1
CW-0835-1;;2;584,00;;;1
CW-0849;;2;632,00;;;1
CW-0851;;3;1 106,00;;;1
CW-0864;K27-145,;3;711,00;;;1
CW-0900-1;;3;1 974,00;;;1
CW-0906-1;;2;553,00;;;1
CW-1058;;1;553,00;;;1
CW-1125-1;;2;553,00;;;1
CW-1289;;1;948,00;;;1
CW-1417-1;;18;648,00;;;1
CW-1438;TKP80.15.13;2;869,00;;;1
CW-1474;;5;632,00;;;1
CW-1640B;С13-267,C13-297,53443.111;6;1 895,00;;;1
Колесо ТКР80;;1;916,00;;;1
PR-032;;20;111,00;;;1
TH-BW009MS;;1;10 425,00;;;1
TH-BW038;;1;6 002,00;;;1
TH-G146MS;;10;5 370,00;;;1
TH-G223S;;1;5 370,00;;;1
TH-G252S;;1;3 791,00;;;1
TH-I005;;1;3 633,00;;;1
TH-I028;;1;5 844,00;;;1
TH-I031;;1;3 791,00;;;1
TH-I032S;;3;4 265,00;;;1
TH-I033S;;1;4 265,00;;;1
TH-I047MS;;2;7 898,00;;;1
TH-I049MS;;3;10 583,00;;;1
TH-I136MS;;9;9 477,00;;;1
TH-I154M;;2;11 846,00;;;1
TH-K001S;;1;2 606,00;;;1
TH-K002;;2;3 712,00;;;1
TH-K014;;4;3 870,00;;;1
TH-K022MS;с крутилкой;2;10 267,00;;;1
TH-K036MS;без крутилки 0136;3;9 951,00;;;1
TH-K039MS;;2;10 504,00;;;1
TH-K041S;;3;3 949,00;;;1
TH-K046;;1;3 317,00;;;1
TH-K049-1MS;;3;10 188,00;;;1
TH-K051MS;;1;12 478,00;;;1
TH-K058S;;1;3 791,00;;;1
TH-K061MS;;1;9 003,00;;;1
TH-K062;;2;3 870,00;;;1
TH-K076;;1;4 739,00;;;1
TH-K157S;;2;5 370,00;;;1
TH-M026S;;2;2 843,00;;;1
TH-M055S;;1;6 002,00;;;1
TH-M103S;;1;6 002,00;;;1
TH-T006;;1;3 159,00;;;1
BS-098;;50;32,00;;;1
TW-0014-1;;2;3 159,00;;;1
TW-0017;;2;3 475,00;;;1
TW-0032;;2;1 501,00;;;1
TW-0032-1;Старое TW-0436;1;1 816,00;;;1
TW-0051;;1;1 580,00;;;1
TW-0062;;4;1 501,00;;;1
TW-0126;;1;2 053,00;;;1
TW-0128;;1;2 053,00;;;1
TW-0201;;2;1 501,00;;;1
TW-0202;;3;1 422,00;;;1
TW-0286;;1;2 211,00;;;1
TW-0301;K27-145,;2;3 633,00;;;1
TW-0319;;1;3 949,00;;;1
TW-0325;;2;2 211,00;;;1
TW-0336;;2;1 737,00;;;1
TW-0339;;2;1 580,00;;;1
TW-0366;;1;1 895,00;;;1
TW-0380;S2B;5;3 791,00;;;1
TW-0399-1;;5;2 527,00;;;1
TW-0449;;1;1 816,00;;;1
TW-0482;;1;1 974,00;;;1
TW-0510;;4;2 290,00;;;1
TW-0533;;2;2 132,00;;;1
TW-0555-3FB;;5;2 843,00;;;1
TW-0575;;1;5 528,00;;;1
TW-0591;;1;1 737,00;;;1
TW-0593;;1;2 211,00;;;1
TW-0637;;1;6 634,00;;;1
TW-0708;;1;4 265,00;;;1
TW-0743;TW-0752;2;3 949,00;;;1
TW-0849;;2;2 211,00;;;1
TW-1025;TKP80.15.13;3;3 475,00;;;1
TW-1026;;3;7 582,00;;;1
TW-1042;;1;3 949,00;;;1
TW-1083;;2;3 159,00;;;1
TW-1168;С13-267,C13-297,53443.111;3;2 369,00;;;1
TW-1206;;3;2 527,00;;;1
NR-VG1-7a;;4;174,00;;;1
NR-VG9-7a;;2;237,00;;;1
RK-BM3-1R;;1;1 501,00;;;1
RK-BW1-1;;18;1 658,00;;;1
RK-BW2-1;;2;1 658,00;;;1
RK-BW2-3;;2;1 737,00;;;1
RK-BW2-4;;1;1 848,00;;;1
RK-BW3-1;;14;1 927,00;;;1
RK-BW4-1R;;2;1 611,00;;;1
RK-C2-1;K27-145,;2;1 137,00;;;1
RK-C3-1;;5;1 580,00;;;1
RK-C4-1;;4;1 153,00;;;1
RK-C5-1;С13-267,C13-297,53443.111;2;1 611,00;;;1
RK-G10-2;;1;1 185,00;;;1
RK-G13-1;;1;1 153,00;;;1
RK-G19-1;;5;869,00;;;1
RK-G19-11;;2;948,00;;;1
RK-G19-2;;1;916,00;;;1
RK-G19-4;;1;916,00;;;1
RK-G19-4-1;;2;869,00;;;1
RK-G24-1;;1;2 401,00;;;1
RK-G25-3;;2;2 764,00;;;1
RK-G25-5;;2;2 685,00;;;1
RK-G37-1;;2;1 106,00;;;1
RK-G5-6;;4;1 027,00;;;1
RK-G53-1;11658570083;1;8 371,00;;;1
RK-G9-2;;3;2 211,00;;;1
RK-G9-3;;10;1 611,00;;;1
RK-H12-3;;2;1 769,00;;;1
RK-H14-1;;6;1 137,00;;;1
RK-H15-3;;4;1 848,00;;;1
RK-H16-1;;6;1 816,00;;;1
RK-H20-3;;6;1 216,00;;;1
RK-H3-2;;1;1 058,00;;;1
RK-H4-1;;3;2 369,00;;;1
RK-H6-3;;2;1 121,00;;;1
RK-Hi3-1;;2;1 153,00;;;1
RK-I1-1;;1;948,00;;;1
RK-I11-1;;4;995,00;;;1
RK-I6-3-1;;2;869,00;;;1
RK-K1-2;;1;885,00;;;1
RK-K1-3;;2;1 216,00;;;1
RK-K14-5;;2;1 311,00;;;1
RK-K17-1;;2;1 690,00;;;1
RK-K18-4;;2;1 185,00;;;1
RK-K18-5;;1;995,00;;;1
RK-K18-9;;1;1 137,00;;;1
RK-K25-1;;1;1 042,00;;;1
RK-K3-3;;1;1 074,00;;;1
RK-K4-2;;3;995,00;;;1
RK-K4-4;;1;1 548,00;;;1
RK-K6-4;;1;1 042,00;;;1
RK-KA11-1;TKP7C6;1;1 453,00;;;1
RK-KA3-1;;7;1 737,00;;;1
RK-KA7-1;TKP80.15.13;15;1 264,00;;;1
RK-M1-1;;4;1 106,00;;;1
RK-M1-1-1;;1;885,00;;;1
RK-M1-2-1;;1;885,00;;;1
RK-M1-4R;;2;995,00;;;1
RK-M1-5;;1;1 074,00;;;1
RK-M5-2-1;;2;1 232,00;;;1
RK-M7-2;;2;1 327,00;;;1
RK-M8-1;;2;1 216,00;;;1
RK-M8-3-1;;4;995,00;;;1
RK-S1-1;;2;869,00;;;1
RK-S14-1;;10;1 200,00;;;1
RK-S21-2;;2;1 295,00;;;1
RK-S24-1;;2;2 843,00;;;1
RK-S4-1;;2;1 422,00;;;1
RK-S8-2-1;;4;2 369,00;;;1
RK-T3-1;;1;1 216,00;;;1
RK-T4-3;;1;2 132,00;;;1
RK-T8-1;;4;900,00;;;1
RK-T8-2;;2;900,00;;;1
Turbo-BW042;;2;47 385,00;;;1
Turbo-Co002S;;1;15 795,00;;;1
Turbo-CZ009S;С13-267,C13-295;2;19 428,00;;;1
Turbo-G015;;2;15 637,00;;;1
Turbo-G337;;1;25 272,00;;;1
Turbo-G375S;;1;22 745,00;;;1
Turbo-I031S;;1;23 061,00;;;1
Turbo-I052;;1;12 636,00;;;1
Turbo-I058;;2;27 641,00;;;1
Turbo-I327S;;2;32 064,00;;;1
Turbo-K031;;1;13 426,00;;;1
Turbo-K087S;;1;33 170,00;;;1
Turbo-K144S;газель евро 5;1;30 326,00;;;1
Turbo-M144S;;1;21 007,00;;;1
ТКР 50.09.16 53423.1118010-01;;1;;;;1
TN-Turbo-G094;REFONE;1;15 321,00;;;1
TN-Turbo-S228-oe;1380-970-0027;2;25 904,00;;;1
AC-BW006;;1;1 422,00;;;1
AC-G245eh;;2;4 107,00;;;1
AC-G285;;1;2 211,00;;;1
AC-G510e;;1;11 372,00;;;1
AC-H005;;1;1 137,00;;;1
AC-I101-1e;Старое AC-I158e / AC-I137e;3;6 476,00;;;1
AC-K171eh;;8;6 950,00;;;1
AC-K177eh;;1;9 635,00;;;1
AC-M146e;;1;6 476,00;;;1
ACP-AR067;;20;505,00;;;1
Turbo-G135S;;1;19 112,00;;;1
HX5-045B;;1;13 900,00;;;1
GT12-029B;;2;6 634,00;;;1
AC-K089-1ev;;2;2 448,00;;;1
TH-M193M;;1;17 375,00;;;1
