Turbo-G813;;3;31 094,00;1
BM-019B;;1;7 900,00;1
EAM-001S;C мотор;1;1 849,00;1
EAI-001;C индикатор;6;1 109,00;1
EAW-001;C;8;756,00;1
EAW-002;червь B;1;1 177,00;
NR-N086;;2;5 378,00;1
TH-G049;;2;4 370,00;1
GT40-035;;2;8 740,00;
GT14-057-1BR;;1;7 059,00;1
GT14-085B;;1;8 404,00;1
R2S-041-LB;;1;9 244,00;
BM-009BR;;1;8 740,00;
GT14-096B;;3;7 731,00;1
Co-010BR;;1;11 765,00;1
TH-I016-3;Старое TH-I016-3;2;6 555,00;1
TN-Turbo-BW042-oe;1147-970-0043;1;52 607,00;
AC-BW027e;;1;64 709,00;
TBS-15M-2661;90124-01050;1;5 546,00;1
TD02-018;;1;5 042,00;1
TF035-048B;;4;7 059,00;
TF035-VG14B;;2;9 580,00;
TH-G331;;1;4 034,00;1
AC-G540eh;;1;7 563,00;
AC-K211e;;1;17 312,00;
AC-K212e;;1;17 312,00;1
AC-BW104;;1;2 101,00;
Turbo-K209;;1;25 211,00;
AC-BW025e;;1;8 236,00;
Turbo-KA001-4FB;7с6м/740601118013;1;15 127,00;1
Turbo-KA001-5FB;7с6м/740601118012;1;15 127,00;1
T2-074;;1;5 883,00;
TD02-068BR;;1;6 723,00;1
TD04-090;;1;7 731,00;1
NR-N177;;1;6 723,00;1
NR-N089-2;;1;6 891,00;1
NR-N134;;1;4 538,00;
GT12-040B;;4;7 731,00;1
NR-N124-1R;;1;6 051,00;1
B03-014BR;;1;9 412,00;1
GT12-033-1B;;1;7 563,00;1
GT14-088B;;1;7 563,00;1
R2S-063-HB;;1;10 085,00;1
RHF5-028;;1;7 731,00;
NR-N066-2;;1;1 092,00;
TH-Co008;;1;7 227,00;
AC-K081;;2;1 261,00;1
TN-GTR-012;802774;3;13 194,00;1
TN-Turbo-G313-OE;829926;1;254 213,00;
GT17-090;;1;7 731,00;
T2-131;;1;6 891,00;1
AC-G504eh;;1;4 370,00;
B03-007BR;;1;9 748,00;1
GT14-057B;;1;7 227,00;1
GT14-086B;;1;9 244,00;
GT17-131;;1;8 908,00;
GT22-050;;1;8 572,00;
TH-M061;;1;3 866,00;1
TH-Co001M;alluminium e&e;3;29 245,00;1
AC-BW025-1v;;1;1 143,00;1
AC-GW001e;;1;7 731,00;1
NR-N095R;;2;7 227,00;1
K03-181B;;1;15 127,00;1
K03-078-1B;;1;8 740,00;1
GT14-076B;;2;7 731,00;1
AC-I174eh;;1;9 916,00;
AC-G676e;;1;9 580,00;
AC-I217e;;1;5 042,00;
GT37-026;;1;10 421,00;1
NR-N182;;1;6 051,00;1
K03-026;;1;6 555,00;1
T2-040;;1;5 715,00;
KP39-019B;;1;6 723,00;
NR-N067-1;;1;8 572,00;
R2S-070-HB;;1;22 018,00;1
RHF4-082;;1;8 236,00;
TH-K032-1M;;1;10 589,00;
GT17-113R;;1;7 731,00;1
K03-136B;;2;7 900,00;1
TH-I152M;;1;12 438,00;1
TH-G084;;1;3 362,00;
TH-G111;;1;2 521,00;
TH-K006S;;1;2 689,00;
K03-035-1B;;1;7 227,00;1
GT37-036;;1;15 295,00;1
VGT-VG1-002-N;;2;13 950,00;1
AC-BM015e;;1;8 068,00;1
VF-016;VT01/1380-003-012\1044220gh500;1;9 244,00;1
B03-026BR;;1;10 253,00;
GT20-070B;;1;9 748,00;
K04-041B;;1;8 236,00;
TH-K032-3M;;1;10 757,00;1
AC-I302;;1;2 185,00;
AC-K326;;1;1 849,00;
AC-M218e;;2;6 051,00;
TN-Turbo-K137S-OE;40007032/5440-970-0036 BMTS;1;35 128,00;
K03-025;;1;6 387,00;
NGT-029BR;;1;8 908,00;
S1-003;;1;7 059,00;
Turbo-G291-1;;1;24 035,00;1
T2-046;;1;6 723,00;1
K14-006;;1;6 219,00;1
AC-Co007e;;1;9 916,00;
GT15-066;;1;6 387,00;
GT17-073-1;;1;7 563,00;1
GT20-023-1;;1;5 546,00;
GT20-085;;1;6 723,00;1
TD04-035;;1;6 387,00;1
TF035-VG4;;1;7 059,00;
TH-GW001;;1;3 193,00;
TBS-15G-1577;;3;4 202,00;
AC-BW040ev;;1;1 849,00;
AC-G552-1ev;;1;2 067,00;
AC-G996e;;1;20 169,00;1
GT32-023;;1;9 412,00;1
GT42-019B;;1;15 127,00;1
Turbo-K337;;1;47 901,00;
AC-BW005e;AC-BW005e;1;6 723,00;
AC-K181eh;;1;7 227,00;1
TD04-159BR;TD04-159BR;2;7 227,00;1
AC-G673e;;1;8 404,00;1
AC-G771;;1;2 017,00;
B01-011B;;1;8 404,00;1
TBS-15G-2488;;3;4 202,00;1
TBS-15G-3177;;2;5 042,00;1
NR-N001;;2;2 689,00;1
NR-N002;;3;2 773,00;1
NR-N003;;1;2 941,00;1
NR-N004;;2;2 689,00;1
NR-N005;;1;3 109,00;1
NR-N005-1;;2;3 277,00;1
NR-N006;;1;5 210,00;1
NR-N006-1;;1;5 462,00;
NR-N008;;3;5 042,00;1
NR-N008-1;;3;4 874,00;1
NR-N008-2;;2;5 042,00;1
NR-N008-3-S;;5;1 177,00;1
NR-N008-4;;2;5 210,00;1
NR-N008-4-S;;1;1 126,00;1
NR-N010;;2;5 378,00;1
NR-N012;;1;3 530,00;1
NR-N014;;1;3 866,00;1
NR-N015-2;;1;2 857,00;
NR-N016;;1;3 362,00;1
NR-N016-2;;1;3 530,00;
NR-N017;;4;4 538,00;1
NR-N018;;1;6 219,00;1
NR-N019;;2;3 025,00;1
NR-N019-3;;1;3 530,00;
NR-N021;;1;3 614,00;1
NR-N021-1B;;2;2 857,00;1
NR-N021-2B;;1;2 857,00;1
NR-N022;;2;5 883,00;1
NR-N022-1;;1;6 051,00;
NR-N024;;1;3 614,00;1
NR-N030;;2;4 874,00;1
NR-N030-1-S;;1;1 345,00;
NR-N030-S;;2;1 311,00;1
NR-N035;;1;5 210,00;1
NR-N037-1B;;2;2 773,00;1
NR-N037-3B;;1;3 193,00;1
NR-N038;;2;3 530,00;1
NR-N039;;1;3 025,00;1
NR-N040;;1;6 387,00;1
NR-N041;;1;3 866,00;
NR-N042;;1;3 025,00;1
NR-N042-2B;;3;2 689,00;1
NR-N042-3;;1;3 277,00;1
NR-N043;;3;6 891,00;1
NR-N044;;1;3 530,00;
NR-N045;;1;5 042,00;1
NR-N045-1;;1;4 874,00;
NR-N049;;1;3 193,00;1
NR-N050-1;;1;3 866,00;1
NR-N051;;1;5 042,00;1
NR-N052;;2;5 462,00;
NR-N053;;1;7 731,00;1
NR-N054;;1;3 530,00;
NR-N054-1B;;1;3 698,00;
NR-N054-2;;2;3 362,00;1
NR-N055-1B;;1;3 025,00;1
NR-N055-2B;;2;3 025,00;
NR-N055B;;1;3 109,00;1
NR-N057-1B;;1;3 277,00;1
NR-N059;;1;3 025,00;1
NR-N061;;1;3 362,00;1
NR-N062;;1;6 555,00;1
NR-N063;;1;7 731,00;1
NR-N064-3;;1;5 042,00;1
NR-N065;;1;6 387,00;1
NR-N070;;1;12 774,00;
NR-N071;;2;7 395,00;1
NR-N071-1;;1;7 395,00;1
NR-N071-2;;1;7 900,00;
NR-N074;;2;5 715,00;1
NR-N076;;5;5 378,00;1
NR-N076-1;;2;6 051,00;1
NR-N077;;2;3 614,00;1
NR-N077-1;;1;3 698,00;1
NR-N077-3;;1;3 698,00;1
NR-N078;;2;2 941,00;1
NR-N080;;1;7 563,00;1
NR-N080-1;;1;7 395,00;1
NR-N081;;1;5 378,00;1
NR-N084;;2;3 698,00;1
NR-N085-1;;1;5 378,00;1
NR-N085-2;;1;5 210,00;1
NR-N085R;;1;5 883,00;
NR-N087;;1;7 227,00;1
NR-N089;;1;6 219,00;
NR-N090;;1;6 219,00;1
NR-N091;;1;12 101,00;1
NR-N091-1;;1;12 606,00;
NR-N092-1;;1;5 883,00;1
NR-N092R;;1;6 051,00;1
NR-N096;;1;6 387,00;1
NR-N097-2;;1;5 462,00;1
NR-N099;;1;3 698,00;1
NR-N107-1B;;1;672,00;1
NR-N108;;1;6 387,00;1
NR-N111;;1;6 723,00;
NR-N115;;1;3 866,00;
NR-N120;;3;7 227,00;1
NR-N121;;1;7 395,00;1
NR-N122;;1;8 068,00;
NR-N122-1;;1;6 387,00;
NR-N125;;1;7 900,00;1
NR-N128;;1;6 219,00;1
NR-N130;;1;6 051,00;1
NR-N131;;2;6 891,00;1
NR-N132;;1;5 715,00;1
NR-N132-2;;1;6 219,00;
NR-N140;;1;8 908,00;1
NR-N147;;1;6 555,00;
NR-N150R;;1;6 051,00;1
NR-N151R;;1;6 219,00;1
NR-N152;;1;13 782,00;
NR-N153;;1;13 278,00;1
NR-N154;;3;4 706,00;
VG1-2b;;2;2 857,00;1
NR-VG1-2e;;1;4 706,00;
NR-VG1-4b;;1;1 345,00;1
NR-VG1-8;;1;588,00;1
VG1-9;;1;588,00;1
NR-VG7-set2;;1;19 665,00;
NR-VG8-2b;;1;4 370,00;
NR-VG8-set2;;1;15 127,00;
NR-VG8-set4;;1;16 808,00;
NR-VGT-VG1-002;;2;13 950,00;1
NR-VGT-VG6-001;;1;13 950,00;1
TNHL-FLP-037;03F145701R/G/F;1;1 681,00;1
FLP-044;5303-970-0110;1;1 008,00;1
FLP-045;5303-970-0159;1;1 513,00;1
TNHL-FLP-055;5303-970-0025;1;2 017,00;1
TN-FLP-060;5303-970-0086;1;2 017,00;1
TNHL-FLP-073;18539700000/b03-000;1;4 202,00;1
TNHL-FLP-077;06k145722h;2;3 530,00;1
TN-FLP-082;06J145702K/T/L;1;2 689,00;1
TN-FLP-097;49373-01000;1;2 017,00;
TN-FLP-A271;;1;2 185,00;1
TNHLFLP-N63;;1;2 017,00;1
B0-000B;;1;7 059,00;1
B0-003B;;1;7 227,00;1
B0-006B;;4;7 059,00;1
B01-002BR;;2;7 563,00;1
B01-008B;;2;7 731,00;1
B01-010BR;;1;7 227,00;
B01-012BR;;1;7 900,00;1
B01-015BR;;1;8 404,00;
B03-000BR;;2;9 748,00;1
B03-003B;;2;9 244,00;1
B03-004BR;;1;9 748,00;1
B03-012B;;1;9 580,00;1
B1-008B;;2;10 925,00;1
B1-011B;;8;11 597,00;1
B2-025;;1;11 429,00;1
B2-057;;1;12 101,00;
B3-000-C1B;;1;15 631,00;1
B3-007-C1;;1;15 127,00;1
BM-004B;;1;7 563,00;
BV38-002B;;1;6 723,00;1
BV40-001B;;1;7 227,00;1
BV40-006B;;1;8 236,00;
BV40-007B;;2;7 731,00;1
BV40-008B;;1;8 236,00;1
BV70-000B;;2;26 388,00;1
Co-002BR;;1;7 900,00;1
Co-008BR;HX7Z-6k682;3;8 572,00;1
Co-009BR;Старое RHF5-087,RHF5-122;1;8 740,00;1
CT-VNT3B;;3;8 572,00;1
CT-VNT4B;;1;8 572,00;1
CT-VNT5;;1;7 563,00;1
CT-VNT7BG;;1;19 833,00;1
CT12-001;;1;7 059,00;1
CT12B-000;;1;7 227,00;1
CT16-000;;1;5 883,00;1
CT16-001;;1;6 051,00;
CT20-005;;1;8 068,00;1
CT20-006;;1;9 076,00;
CT26-001;;1;9 580,00;1
CT26-002;;1;8 908,00;1
CT9-000;CT9-001,CT9-002,CT12-009;1;7 563,00;1
CZ-000;;1;7 059,00;1
CZ-002;C14;7;7 563,00;1
CZ-008;K27-145-01;1;8 068,00;1
DSGT-002-H;;1;7 563,00;
DSGT-002-L;;1;6 891,00;
DSGT-005-HB;;1;8 908,00;
GT12-000;;2;6 387,00;1
GT12-033B;;1;7 227,00;1
GT12-041B;;2;7 227,00;1
GT12-045B;;1;8 236,00;1
GT12-046BR;;1;7 563,00;
GT12-059B;;1;7 563,00;1
GT12-063B;;1;7 227,00;1
GT14-009;;1;6 555,00;1
GT14-012;;1;6 219,00;
GT14-013;;4;6 051,00;1
GT14-022;;1;7 900,00;
GT14-029BR;;1;8 068,00;1
GT14-031;;1;7 227,00;
GT14-035;;1;8 236,00;1
GT14-037;;1;7 731,00;1
GT14-044B;;1;7 900,00;
GT14-048-1B;;1;8 236,00;1
GT14-048B;;1;7 563,00;1
GT14-049B;;1;8 572,00;1
GT14-051B;;3;7 900,00;
GT14-053B;;2;8 404,00;
GT14-056B;;2;7 395,00;1
GT14-061BR;;1;8 740,00;1
GT15-002;;3;5 042,00;
GT15-004;;1;5 042,00;1
GT15-005;;1;5 546,00;1
GT15-006;;1;6 219,00;1
GT15-007;;1;5 042,00;1
GT15-008;;1;5 042,00;1
GT15-015;;1;5 042,00;
GT15-016;;1;5 546,00;
GT15-017;;1;6 723,00;1
GT15-019;;1;5 546,00;1
GT15-020;;1;5 378,00;1
GT15-024;;2;5 715,00;1
GT15-024-1;;1;6 051,00;1
GT15-025;;1;5 546,00;1
GT15-026;;1;5 715,00;1
GT15-028;;1;5 378,00;1
GT15-034;;1;5 883,00;1
GT15-037;;1;7 059,00;1
GT15-040;GT15-041;1;6 723,00;1
GT15-043;;3;5 378,00;1
GT15-044;;1;5 042,00;
GT15-053;;1;5 378,00;1
GT15-063;;1;5 546,00;1
GT15-064;;1;5 546,00;1
GT15-065;;1;6 051,00;
GT15-067;;1;7 059,00;
GT15-070;;1;7 395,00;1
GT15-077;;1;5 883,00;1
GT15-086;;1;6 723,00;1
GT15-091;;1;7 395,00;1
GT15-092;;2;6 387,00;
GT15-094;;1;6 891,00;1
GT15-096;;1;6 555,00;
GT15-103BR;;1;6 723,00;1
GT15-110;;1;7 059,00;1
GT16-002;;4;6 723,00;1
GT16-005;;1;7 563,00;1
GT17-001;;1;6 723,00;1
GT17-003;;1;7 731,00;1
GT17-004;;1;6 387,00;1
GT17-007;;1;6 555,00;1
GT17-008;;1;6 387,00;1
GT17-010;;1;6 555,00;1
GT17-012;;1;6 051,00;
GT17-013;;1;5 715,00;1
GT17-016;;1;6 555,00;1
GT17-017;;4;7 731,00;1
GT17-020;;1;6 555,00;1
GT17-022;;2;5 715,00;1
GT17-024;;3;6 387,00;
GT17-027;;1;5 715,00;1
GT17-028;Старое GT17-083;1;7 395,00;1
GT17-030;;1;5 715,00;1
GT17-033;;1;7 227,00;1
GT17-038;;1;7 731,00;1
GT17-042;;1;7 563,00;1
GT17-045;;1;8 908,00;1
GT17-050;;1;7 563,00;1
GT17-051;;1;7 563,00;
GT17-057;;1;6 891,00;1
GT17-058;Старое GT17-187;3;7 395,00;1
GT17-060;GT17-060;1;6 219,00;1
GT17-063;Заменили на GT17-062;1;6 723,00;
GT17-073;;2;7 059,00;1
GT17-074;тонкий;5;7 059,00;1
GT17-074-1;толстый;5;7 227,00;1
GT17-088;;3;7 900,00;1
GT17-089;;1;8 068,00;
GT17-092-1;тонкий;6;7 395,00;1
GT17-094;;1;7 900,00;1
GT17-095;;1;8 236,00;1
GT17-103;;1;5 378,00;1
GT17-110;;3;8 908,00;1
GT17-112;;1;8 068,00;1
GT17-114BR;;3;8 236,00;1
GT17-117BG;;3;15 127,00;1
GT17-123;;1;8 740,00;
GT17-128;;1;8 404,00;1
GT17-129;;1;8 404,00;1
GT17-144B;;1;7 900,00;1
GT17-149;;1;7 731,00;1
GT17-153B;;1;8 572,00;
GT17-161BG;;1;17 312,00;
GT17-168;;2;7 395,00;1
GT17-169;;2;7 395,00;1
GT17-174;SALGA vin;1;9 076,00;1
GT17-201;;1;8 908,00;
GT18-005;;1;6 891,00;1
GT18-008;;2;9 076,00;1
GT18-012;;1;6 891,00;
GT18-013;;1;6 891,00;1
GT18-017;;1;8 908,00;1
GT20-000;;1;5 378,00;1
GT20-008;;1;6 051,00;1
GT20-011;;2;7 059,00;1
GT20-014;;1;6 051,00;1
GT20-015;GT20-052;5;6 051,00;1
GT20-017;;1;6 051,00;1
GT20-020;;1;5 715,00;1
GT20-021;;1;5 883,00;1
GT20-025;;1;6 387,00;1
GT20-027-W;;3;8 236,00;1
GT20-030;;1;7 900,00;1
GT20-032;;1;7 900,00;1
GT20-033;;2;7 900,00;1
GT20-034;;1;6 387,00;1
GT20-037;;1;8 068,00;1
GT20-044;;4;7 395,00;1
GT20-046;;2;6 891,00;1
GT20-047;Старое GT20-079;3;7 900,00;1
GT20-050;;1;7 059,00;
GT20-057;;1;8 908,00;1
GT20-062;;1;7 900,00;1
GT20-066;;1;9 412,00;1
GT20-068;;1;9 412,00;1
GT20-078BG;;3;17 648,00;1
GT20-081;;2;8 740,00;1
GT20-089;;2;7 059,00;1
GT20-095B;;1;10 589,00;
GT22-000;;1;7 227,00;1
GT22-000-1;;1;7 563,00;1
GT22-001;;1;7 059,00;
GT22-002;;1;7 227,00;
GT22-005;;1;7 395,00;1
GT22-007;;1;7 059,00;1
GT22-008;;2;7 563,00;1
GT22-009;;1;7 563,00;1
GT22-011;;1;5 883,00;
GT22-017;;1;7 227,00;1
GT22-018;;1;7 563,00;1
GT22-020;;3;7 395,00;1
GT22-026;;1;8 572,00;1
GT22-028;;1;5 715,00;
GT22-031;;1;6 891,00;1
GT22-033;;1;8 404,00;1
GT22-034;;3;8 236,00;1
GT22-036;;2;7 395,00;
GT22-036-1;;1;6 219,00;1
GT22-037;;1;8 068,00;1
GT22-038;;1;7 731,00;
GT22-043R;Старое GT22-044;2;8 404,00;1
GT22-045;;2;8 572,00;1
GT22-046;;1;8 740,00;
GT22-048;Старое GT22-006;2;7 059,00;1
GT22-053R;;1;7 731,00;1
GT22-054R;;1;7 731,00;1
GT22-061;;1;8 068,00;
GT22-064;;1;8 908,00;1
GT22-085BR;;4;8 068,00;1
GT22-088;;1;8 908,00;1
GT22-089;;1;8 068,00;
GT22-114B;;1;8 236,00;1
GT22-118R;;1;8 404,00;
GT22-119R;;1;8 404,00;
GT23-006;gt23-001;2;8 404,00;1
GT23-003;;1;6 891,00;1
GT23-004;;2;7 227,00;1
GT25-000;;2;7 227,00;1
GT25-002;;2;6 891,00;1
GT25-005;;2;5 715,00;1
GT25-006;GT25-021;4;5 715,00;1
GT25-013;;3;6 555,00;1
GT25-028;;1;6 891,00;1
GT32-004;;1;8 740,00;
GT32-019-2;;1;10 421,00;1
GT35-003;;1;11 093,00;1
GT40-020;;1;14 286,00;1
GT42-022;;1;11 597,00;
GT42-027;;1;12 606,00;1
GTA-000;;1;33 279,00;
GTA-006;;1;15 463,00;
GTA-007;;1;24 707,00;
GTA-012;;2;10 589,00;1
GTA-018;Старое GT42-018;2;14 286,00;1
GTR-012G;;1;17 480,00;1
GTR-039BG;;1;17 648,00;1
HE-008;;1;6 051,00;1
HE-009;;1;6 387,00;1
HE-010;;2;5 715,00;1
HE-021;;1;6 219,00;1
HE-024;;1;5 883,00;1
HE5-008;;3;13 614,00;1
HE5-018;;1;13 614,00;1
HE5-025B;;2;15 295,00;1
HT-005;;1;9 076,00;1
HX25-001;;1;5 546,00;1
HX-001;;1;7 900,00;1
HX-009;;1;7 731,00;1
HX-179-C;;1;8 740,00;
HX5-002;;1;12 438,00;1
HX5-008;;1;12 269,00;1
HX5-014;;1;12 942,00;1
HX5-042B;;1;14 118,00;1
HX5-059;;1;12 101,00;1
HX5-081;3597659;1;11 429,00;1
HY40-003;;1;38 993,00;1
HY55-002;;1;40 674,00;1
HY55-003;;2;40 842,00;1
HY55-015B;;2;48 406,00;1
K03-002;Старое K03-077;2;6 051,00;1
K03-004-1;;1;6 219,00;1
K03-009;;1;6 051,00;1
K03-013;;1;5 210,00;1
K03-014;;1;5 378,00;1
K03-016;;1;6 219,00;1
K03-019;;1;5 210,00;1
K03-022;;1;6 051,00;
K03-023;;2;5 210,00;1
K03-024;;1;6 219,00;1
K03-027;;1;5 546,00;
K03-031;;3;6 219,00;1
K03-035;K03-035;1;7 227,00;1
K03-038B;;1;6 723,00;1
K03-040;;1;6 387,00;1
K03-041;;4;6 555,00;1
K03-043B;;2;7 227,00;1
K03-047;;1;6 723,00;1
K03-048B;;1;6 723,00;1
K03-051B;;1;8 740,00;1
K03-060;;2;6 555,00;1
K03-062B;;1;7 563,00;1
K03-067BR;;5;7 563,00;1
K03-068B;;1;8 908,00;
K03-069B;;1;7 563,00;1
K03-074;;1;6 891,00;
K03-084BR;;1;8 404,00;
K03-094B;;1;7 059,00;1
K03-095B;;1;8 740,00;1
K03-099-1B;;1;7 900,00;1
K03-099B;;1;8 236,00;
K03-108B;;1;8 404,00;
K03-114B;;1;8 236,00;1
K03-118;;1;6 387,00;1
K03-121BR;;2;8 236,00;1
K03-129B;;1;8 236,00;1
K03-155BR;;2;8 236,00;1
K03-176;;3;6 723,00;1
K04-004;;1;5 546,00;1
K04-007;;1;6 387,00;1
K04-011;;1;7 900,00;
K04-016;;3;8 068,00;1
K04-019;;1;6 555,00;1
K04-020-C;;2;5 715,00;1
K04-022;;1;8 068,00;1
K04-028;;1;8 404,00;1
K04-034B;;1;6 387,00;1
K04-036;;1;7 563,00;1
K04-047;;2;8 572,00;1
K04-048;;1;8 740,00;1
K04-052B;;1;7 059,00;
K04-063;;1;6 891,00;1
K0CG-002B;;1;8 236,00;
K0CG-003BR;;1;8 236,00;1
K0CG-007BR;K0CG-008BR;1;8 908,00;
K0CG-010BR;;1;8 236,00;1
K14-011;;1;6 219,00;1
K14-017;;1;6 891,00;1
K16-000B;;2;5 883,00;1
K16-011;;1;6 723,00;1
K26-008;;1;8 068,00;1
K26-009;;1;7 563,00;1
K29-000B;;1;13 446,00;1
K29-003B;;1;13 446,00;1
KAM-028;TKP50;1;7 563,00;1
KAM-035-CFB;;1;8 404,00;1
KP31-000;;1;5 715,00;1
KP35-003;;1;5 042,00;1
KP35-005;;2;5 378,00;1
KP35-010B;пара: K16-028;4;6 555,00;1
KP35-014;;1;6 387,00;1
KP35-016B;;1;7 395,00;
KP39-002;;1;5 546,00;1
KP39-004;;1;6 051,00;1
KP39-006;;4;6 051,00;1
KP39-007;;1;6 219,00;1
KP39-009;;2;5 378,00;1
KP39-010;;1;6 219,00;1
KP39-011;;1;6 387,00;
KP39-012;;1;5 883,00;1
KP39-013;;2;5 883,00;1
KP39-014;;2;7 900,00;1
KP39-015;;2;6 723,00;1
KP39-016;;1;6 219,00;1
KP39-020;;3;6 387,00;1
KP39-021;;1;6 723,00;1
KP39-022;Старое R2S-025-H;1;5 546,00;1
KP39-024;;1;6 555,00;1
KP39-027;;2;6 387,00;1
KP39-034;;1;6 555,00;1
KP39-035B;;2;6 723,00;1
NGT-016BR;;1;7 227,00;
R2S-000-HB;;4;5 715,00;1
R2S-000-L1B;;3;6 219,00;1
R2S-000-LB;;2;6 555,00;1
R2S-001-LB;Старое R2S-016-L;1;6 387,00;1
R2S-003-HB;;3;5 042,00;1
R2S-005-HB;;1;5 378,00;1
R2S-005-LB;;3;6 723,00;1
R2S-007-L;;1;11 597,00;1
R2S-010-L;;2;11 093,00;1
R2S-012-HB;;1;9 580,00;1
R2S-013-H;;1;5 546,00;1
R2S-013-L;;2;7 059,00;1
R2S-014-H;;1;8 404,00;
R2S-018-H;;1;8 404,00;1
R2S-018-L;;1;13 278,00;1
R2S-020-H;;2;6 387,00;1
R2S-020-L;;2;7 900,00;1
R2S-021-L;;1;7 227,00;1
R2S-028-HB;;1;6 555,00;1
R2S-028-LB;;1;7 563,00;1
R2S-031-LB;;1;7 731,00;1
R2S-035-1-HB;;1;6 723,00;1
R2S-035-1-LB;;1;8 404,00;1
R2S-036-HB;;1;7 731,00;1
R2S-039-HB;;1;6 891,00;1
R2S-021-H;R2S-042-H;3;5 378,00;1
R2S-042-L;;1;8 236,00;1
R2S-055-HB;;2;11 093,00;1
R2S-055-LB;;2;11 093,00;1
RHB5-011;;1;7 395,00;1
RHF3-011;;1;8 068,00;1
RHF3-012B;;2;7 563,00;1
RHF3-030;;1;7 563,00;1
RHF3-052;;2;7 395,00;1
RHF3-055B;;2;7 731,00;1
RHF4-003;;1;6 723,00;1
RHF4-007;;1;6 723,00;
RHF4-009;;1;6 219,00;1
RHF4-011;;1;6 723,00;
RHF4-017;;2;8 068,00;1
RHF4-018;;1;6 723,00;1
RHF4-021;;1;7 059,00;1
RHF4-026;;1;7 563,00;
RHF4-028;;2;7 227,00;1
RHF4-029;;1;6 723,00;1
RHF4-040;;1;8 572,00;1
RHF4-053;;1;8 404,00;1
RHF4-059BR;;2;8 572,00;1
RHF4-077;;1;8 236,00;
RHF4-081;;1;7 227,00;1
RHF4-083B;;1;8 908,00;1
RHF4-091;;1;9 076,00;1
RHF4-109;;1;7 731,00;
RHF4-115B;Старое RHF5-093;1;8 068,00;1
RHF5-004;;1;6 891,00;1
RHF5-005G;;3;14 286,00;1
RHF5-007;Старое RHF5-060;1;7 563,00;1
RHF5-008;;2;7 227,00;1
RHF5-009;;1;7 731,00;1
RHF5-017;;2;7 395,00;
RHF5-018;;3;7 900,00;1
RHF5-019;;1;7 227,00;1
RHF5-020;;3;7 731,00;1
RHF5-024;;2;8 068,00;1
RHF5-024-1;;1;8 068,00;1
RHF5-026;;1;7 227,00;1
RHF5-027;;1;7 227,00;1
RHF5-031BR;;1;8 236,00;1
RHF5-037;;2;7 227,00;1
RHF5-045;;1;7 900,00;1
RHF5-055;Старое RHF5-051;3;7 900,00;
RHF5-058;;1;8 908,00;1
RHF5-061;;1;9 580,00;1
RHF5-065;;1;7 227,00;1
RHF5-073;VIGJ;2;7 731,00;1
RHF5-081;;1;7 731,00;
RHF5-088;;1;8 404,00;1
RHF5-089B;;1;9 244,00;1
S1-000;;1;5 715,00;1
S1-001;;1;6 387,00;1
S1-002;;1;6 723,00;1
S1-006;;1;5 715,00;1
S1-009;;1;6 387,00;1
S2-006;S2B;2;8 572,00;1
S2-015;;2;9 412,00;1
S2-036;;1;9 580,00;1
S2-046;;1;9 412,00;1
S2-073;;1;10 757,00;1
S3-104;;1;11 261,00;1
S4-008B;;1;16 303,00;
T2-000;;2;5 042,00;1
T2-002;;1;6 723,00;1
T2-005;;1;5 883,00;
T2-006;;1;6 555,00;1
T2-018;;1;5 210,00;
T2-024;;1;5 210,00;1
T2-048;;2;6 723,00;1
T2-051;;1;5 546,00;
T2-085;;1;5 883,00;1
T4-063;;1;7 900,00;1
T4-082;;1;7 563,00;1
T4-085;;1;7 731,00;
TA45-009;;1;10 925,00;
TD02-001;;2;4 874,00;1
TD02-004;;6;5 715,00;1
TD02-005R;;1;6 723,00;1
TD02-014BR;;1;6 723,00;1
TD02-016;;1;5 210,00;
TD02-017;;1;5 546,00;1
TD02-051BR;;1;7 059,00;1
TD03-003;;1;6 555,00;1
TD03-005;;1;6 387,00;1
TD03-007;;5;6 387,00;1
TD03-027B;;1;7 563,00;
TD03-034BR;;1;7 059,00;1
TD04-002;;1;5 378,00;1
TD04-003;;2;5 378,00;1
TD04-008;;1;6 891,00;
TD04-009;;1;6 891,00;1
TD04-010;;2;6 891,00;1
TD04-014;;1;6 891,00;1
TD04-017;;1;6 723,00;1
TD04-018;;1;6 891,00;
TD04-019;;2;6 723,00;1
TD04-036R;;1;6 891,00;1
TD04-039;;1;5 715,00;1
TD04-046;;1;6 555,00;1
TD04-048;;1;6 051,00;1
TD04-049;;1;8 740,00;1
TD04-051B;;1;7 900,00;1
TD04-055;;1;6 051,00;
TD04-066;;1;5 883,00;1
TD04-073;;3;7 059,00;1
TD04-083;;1;6 891,00;1
TD04-087;;1;7 227,00;
TD04-109BR;;1;7 563,00;1
TD04-138BR;;1;8 236,00;1
TD04-VG1;;2;7 059,00;1
TD04-VG13;;1;8 908,00;1
TD04-VG2;;1;7 059,00;1
TD04-VG4;;4;8 572,00;1
TD04-VG5;;2;7 059,00;1
TD04-VG6;;1;8 740,00;1
TD04-VG8;;1;8 404,00;
TD05-001;;2;8 068,00;1
TD05-004;;1;6 723,00;1
TD05-025;;2;7 395,00;1
TF035-000;;2;6 051,00;1
TF035-001;;1;5 715,00;1
TF035-002;;3;5 378,00;1
TF035-008;;1;5 883,00;1
TF035-009;;2;5 378,00;1
TF035-016;;1;5 546,00;1
TF035-029;;1;5 378,00;1
TF035-022;TF035-031;1;6 051,00;
TF035-VG1;;1;6 219,00;1
TF035-VG10BR;;3;6 555,00;1
TF035-VG12B;;3;7 395,00;1
TF035-VG13;;2;7 900,00;1
TF035-VG3;;1;6 387,00;1
TF035-VG5;;1;6 723,00;1
AC-BM001e;;1;5 715,00;1
AC-BM002;;1;1 849,00;
AC-BM003-1e;;2;9 748,00;1
AC-BW004;;1;1 311,00;1
AC-BW007;;1;1 765,00;
AC-BW008;;1;1 933,00;1
AC-BW009;;1;1 546,00;1
AC-BW033e;;1;8 068,00;1
AC-CZ002;;1;1 378,00;1
AC-CZ002-1;;1;1 681,00;1
AC-G024;;1;1 261,00;
AC-G037;;2;1 681,00;1
AC-G043;;1;1 261,00;1
AC-G054;;1;1 849,00;1
AC-G065;;1;1 681,00;1
AC-G072;;1;1 849,00;
AC-G076;;1;1 513,00;1
AC-G082;;1;1 849,00;
AC-G088;;1;1 445,00;
AC-G112;;1;1 597,00;1
AC-G112-2;;1;1 597,00;
AC-G150eh;;2;3 866,00;1
AC-G152eh;;3;4 370,00;1
AC-G216-2e;;1;4 706,00;
AC-G216e;;2;5 042,00;1
AC-G219eh;;1;4 538,00;
AC-G222eh;;2;7 563,00;
AC-G224eh;;3;7 227,00;1
AC-G225eh;;2;4 370,00;1
AC-G227eh;;1;8 236,00;
AC-G229eh;;1;7 395,00;
AC-G231eh;;1;8 068,00;1
AC-G231eh-GB;;1;6 051,00;
AC-G234eh;;1;4 538,00;1
AC-G244eh;;2;4 370,00;1
AC-G245-1eh;;2;7 563,00;1
AC-G246eh;;1;8 572,00;
AC-G247eh;;1;8 572,00;
AC-G248eh;;1;8 404,00;
AC-G249eh;;1;8 404,00;
AC-G250eh;;3;4 370,00;1
AC-G260eh;;1;7 227,00;1
AC-G261eh;;1;7 900,00;1
AC-G262eh;;1;7 900,00;1
AC-G393eh;AC-G263-1eh;2;7 900,00;
AC-G263eh;;1;7 395,00;1
AC-G264eh;;1;7 900,00;
AC-G266e;;1;5 042,00;1
AC-G267-1e;;1;5 715,00;1
AC-G267-2ev;;1;3 530,00;
AC-G267e;;1;5 378,00;1
AC-G275-1ev;;1;3 109,00;
AC-G276e;;3;10 757,00;1
AC-G284-2v;;1;1 042,00;1
AC-G292eh;;2;4 706,00;1
AC-G295eh;;1;7 395,00;1
AC-G296e;Старое AC-G273e;2;5 210,00;1
AC-G299e;;1;5 378,00;
AC-G318e;;1;5 546,00;1
AC-G346eh;;1;6 051,00;1
AC-G392eh;;1;8 236,00;1
AC-G394eh;;1;7 227,00;1
AC-G397eh;;1;7 900,00;
AC-G403eh;;1;7 900,00;1
AC-G404eh;;1;6 051,00;1
AC-G481eh;;1;4 370,00;1
AC-G505eh;;1;4 034,00;1
AC-G516eh;;1;7 731,00;1
AC-G517eh;;1;7 227,00;
AC-G522eh;;1;8 404,00;
AC-G533eh;;1;6 387,00;
AC-G689e;Заменили на AC-G690e;1;8 572,00;
AC-G717eh;;1;5 042,00;
AC-G732e;;1;8 068,00;
AC-H002;;1;1 210,00;1
AC-H003;;1;1 210,00;1
AC-H007;;1;5 715,00;1
AC-H008;;1;6 387,00;1
AC-H015e;;1;64 709,00;
AC-H028;;1;1 294,00;1
AC-I006;;1;2 269,00;
AC-I008;;1;2 017,00;
AC-I021;;1;1 345,00;
AC-I026;;1;1 597,00;1
AC-I038;;3;1 193,00;1
AC-I040-1ev;Старое AC-I093-1e/ AC-G276-1ev;3;1 765,00;1
AC-I045;;3;1 210,00;1
AC-I073-1ev;;3;2 437,00;1
AC-I078;;1;2 269,00;1
AC-I085e;;2;10 253,00;1
AC-I089e;;1;16 303,00;1
AC-I091-1;;1;1 378,00;1
AC-I098e;;1;7 563,00;1
AC-I111;;1;2 353,00;1
AC-K011;;1;1 513,00;1
AC-K012;;3;2 017,00;
AC-K013;;2;1 933,00;1
AC-K016;;1;1 429,00;1
AC-K038;Старое AC-K080-1;1;1 681,00;1
AC-K067;;1;1 513,00;1
AC-K041;Старое AC-K080,AC-K079;1;1 429,00;1
AC-K083;;3;1 614,00;
AC-K085-2ev;;1;1 261,00;1
AC-K103-2v;;1;908,00;1
AC-K105eh;;1;8 236,00;
AC-K106eh;;1;7 563,00;1
AC-K109;;1;1 681,00;1
AC-K110;;1;2 723,00;
AC-K112;;1;2 689,00;
AC-K113eh;;1;7 395,00;1
AC-K114eh;;1;7 227,00;1
AC-K117e;;1;6 555,00;1
AC-K132e;;1;5 210,00;1
AC-K134-1ev;;1;1 008,00;1
AC-K143-1e;;1;16 808,00;1
AC-K146;;3;1 630,00;
AC-K158eh;;1;4 538,00;1
AC-K162eh;;3;4 370,00;1
AC-K191eh;;1;4 538,00;
AC-K195e;;1;13 278,00;1
AC-K199eh;;1;5 378,00;
AC-K202e;;1;7 059,00;
AC-K204e;;1;6 555,00;1
AC-K214e;;1;10 421,00;1
AC-K217eh;;1;10 085,00;1
AC-K234e;;1;6 723,00;
AC-M006;;1;1 210,00;1
AC-M011;;1;1 765,00;1
AC-M018;;1;2 353,00;1
AC-M019;;1;1 261,00;
AC-M024;;1;1 479,00;
AC-M027;;1;1 849,00;
AC-M031;;1;1 429,00;1
AC-M034-2eh;;1;7 395,00;1
AC-M038;;1;1 429,00;1
AC-M058-1v;AC-M108-1,AC-M099-1;1;1 345,00;
AC-M074;;1;1 513,00;1
AC-M082-1ev;;1;3 866,00;1
AC-M117;;1;2 185,00;
AC-M123;;1;1 210,00;1
AC-M168-1ev;;1;1 849,00;
AC-M198;;1;1 261,00;1
TN-AC-M219e;;1;7 563,00;
AC-S029;;1;1 513,00;
AC-S038;;1;1 933,00;1
AC-T013;;1;1 849,00;
AC-T017;;1;1 126,00;
AC-T024e;;2;7 227,00;1
TN-EAI-002;;1;1 513,00;
TNHL-EAI-001;C;3;1 513,00;1
TNHL-EAM-002S;B;1;2 353,00;1
TNHL-EAW-001;;1;1 177,00;1
CW-0436-1B;;1;5 042,00;1
CW-0675-1;;1;1 429,00;1
CW-1058;;1;588,00;1
CW-1250;;1;1 345,00;1
CW-1487;;1;723,00;
TH-BM006MS;;1;9 916,00;
TH-BW015;;1;5 042,00;
TH-G036-1;;2;11 597,00;
TH-G044;;1;3 530,00;
TH-G056M;;1;9 580,00;1
TH-G057;;1;3 614,00;
TH-G058MS;;1;10 421,00;
TH-G062;;1;3 446,00;
TH-G086;;1;5 546,00;
TH-G087-1S;;1;5 042,00;1
TH-G088;;1;13 782,00;
TH-G090S;;1;4 622,00;
TH-G093;;1;6 135,00;
TH-G097MS;;1;10 757,00;
TH-G098MS;;1;9 916,00;
TH-G103M;;1;14 286,00;
TH-G113;;1;5 042,00;1
TH-G121S;;1;3 698,00;1
TH-G132MS;;1;11 093,00;1
TH-G138;;1;3 950,00;1
TH-G143;;1;3 362,00;1
TH-G146MS;;3;5 294,00;1
TH-G148;;1;3 698,00;1
TH-G154S;;1;3 193,00;1
TH-G163S;;1;4 034,00;
TH-G164-1S;;1;5 042,00;
TH-G223S;;1;4 874,00;1
TH-G236;;1;3 362,00;1
TH-G252S;;1;4 034,00;1
TH-G288;;1;5 042,00;1
TH-G334-1S;;1;6 975,00;1
TH-G346;;1;4 202,00;1
TH-G349;;1;3 698,00;
TH-G352S;;1;5 210,00;
TH-G395;;1;3 025,00;1
TH-G395-1;;1;3 025,00;1
TH-G396;;1;3 446,00;1
TH-G516;;1;8 908,00;1
TH-G528;11658570083;1;4 370,00;1
TH-I012;;1;2 857,00;1
TH-I016S;;2;6 051,00;1
TH-I033S;;1;4 538,00;1
TH-I034S;;1;4 706,00;1
TH-I040;;1;3 698,00;
TH-I044MS;;1;8 572,00;1
TH-I047MS;;2;8 404,00;1
TH-I049MS;;1;11 261,00;1
TH-I134-1S;;3;8 404,00;1
TH-I136MS;;3;10 085,00;1
TH-I169M;;1;14 454,00;1
TN-TH-I169-1M;a2760901480;1;15 127,00;1
TH-K001-1S;;2;2 773,00;1
TH-K001S;;1;2 773,00;1
TH-K002;;2;3 950,00;1
TH-K012;;1;5 378,00;1
TH-K013;;1;2 857,00;1
TH-K014;;1;4 118,00;1
TH-K020MS;;1;9 580,00;1
TH-K022MS;с крутилкой;1;10 925,00;1
TH-K026;;1;4 118,00;
TH-K032MS;;1;10 085,00;
TH-K034MS;;1;9 916,00;1
TH-K035MS;;1;7 563,00;1
TH-K036MS;без крутилки 0136;2;10 505,00;1
TH-K039MS;;4;11 177,00;1
TH-K040S;;1;3 362,00;
TH-K041S;;1;4 202,00;1
TH-K042;;1;5 210,00;
TH-K046;;1;3 530,00;1
TH-K049-1MS;;1;10 841,00;1
TH-K052-1S;;1;4 370,00;
TH-K052S;;1;3 866,00;
TH-K053S;;1;4 202,00;1
TH-K060S;;4;4 538,00;1
TH-K061MS;;1;9 580,00;1
TH-K063M;;1;12 438,00;1
TH-K088S;;1;4 034,00;1
TH-K095S;;1;3 109,00;1
TH-K096S;;1;6 723,00;1
TH-K109S;;1;4 370,00;
TH-K115S;;1;3 193,00;
TH-M021-3MS;;1;14 959,00;
TH-M023S;;1;3 866,00;1
TH-M028;;3;2 773,00;1
TH-M039S;;1;3 530,00;
TH-M040MS;;2;9 412,00;1
TH-M103S;;1;5 883,00;1
TH-M104S;;1;4 370,00;
TH-T007S;;1;3 866,00;
TH-T008S;;1;5 042,00;1
BS-098;;473;34,00;1
TW-0209-1;;1;5 883,00;1
TW-0321;;1;6 891,00;1
TW-0440;;1;6 555,00;1
TW-0605;;1;6 219,00;1
TW-0646R;;1;2 437,00;
TW-0652;;1;2 521,00;
TW-0826;;1;3 866,00;1
TW-1039;;6;2 689,00;1
GK-0002;;1;202,00;
GK-0018;;1;219,00;
GK-0029;;1;370,00;
GK-0158;;1;151,00;
GK-0187;;1;504,00;1
GK-0275;;1;471,00;1
GK-0279;;1;336,00;
GK-0340;;1;319,00;1
GK-0350;;1;185,00;
GK-0428;Старое GK-0697;1;1 008,00;
GK-0161-1;GK-0641;1;269,00;1
GK-0659;Старое GK-0959;1;504,00;1
GK-0680;;1;336,00;
GK-0683;;2;1 345,00;1
GK-0684;;1;1 008,00;
GK-0702;;1;1 261,00;
GK-0705;;1;269,00;
GK-0707;;1;387,00;
GK-0733;;1;538,00;1
GK-0774;;1;252,00;
GK-0827;;1;185,00;
GK-0927;;1;252,00;1
RK-G5-3-3;;1;1 025,00;1
RK-K26-1;;3;1 227,00;1
Turbo-BM007S;;1;34 792,00;1
Turbo-BW004-1;B3G/1387-970-0004/1679176;1;44 372,00;1
Turbo-Co002S;;1;16 808,00;1
Turbo-CZ004;K27-145-01/7406.111801/527699;1;13 446,00;1
Turbo-G013;;1;15 799,00;
Turbo-G053-MX;;1;14 791,00;1
Turbo-G062;;1;13 446,00;1
Turbo-G073;;1;32 102,00;1
Turbo-G107;;1;19 665,00;
Turbo-G121S;;1;15 127,00;
Turbo-G136;;1;23 531,00;1
Turbo-G214S;;1;25 043,00;
Turbo-G295S;;1;34 455,00;1
Turbo-G372;;1;27 732,00;1
Turbo-G375S;;1;24 203,00;1
Turbo-G546;779839-0025/2057668;1;31 934,00;1
Turbo-I010;;1;14 118,00;1
Turbo-I016;;1;14 118,00;
Turbo-I032S;;2;29 077,00;1
Turbo-I033s;;1;29 413,00;1
Turbo-I044S;;1;19 329,00;1
Turbo-I051;;1;35 968,00;1
Turbo-K008S;;1;11 765,00;
Turbo-K047S;;1;22 522,00;1
Turbo-K055S;;1;11 765,00;
Turbo-K073S;;1;15 463,00;1
Turbo-K106S;;1;17 648,00;1
Turbo-K108;К29/5329-970-7130/51.09101-702;1;24 539,00;1
Turbo-K134S;;1;23 867,00;
Turbo-K135S;;1;35 800,00;1
Turbo-K144S;газель евро 5;2;32 270,00;1
Turbo-K151S;;1;19 833,00;1
Turbo-K179;;1;34 623,00;
Turbo-M013S;;1;17 144,00;1
Turbo-M026S;;1;27 564,00;1
Turbo-M032;;1;15 127,00;1
Turbo-M032-1S;;2;14 118,00;1
Turbo-M032-2S;;2;12 606,00;1
Turbo-M044;;1;20 169,00;1
Turbo-M045S;;1;23 531,00;1
Turbo-M071-1S;;1;39 834,00;1
Turbo-M097S;;1;15 463,00;1
Turbo-M131S;;1;23 194,00;1
Turbo-T009-1S;;1;25 547,00;1
Turbo-T012;;1;16 303,00;1
Turbo-VF003-OE;2430-003-004/F4J16-111801;1;49 750,00;1
TN-Turbo-CZ009-yamz;С13-267/295-01/534431118010-10;1;21 009,00;1
TN-Turbo-CZ001-3-oe;C14-194-01/399-0314-194;1;17 564,00;
740.60-1118012;;1;12 438,00;1
AC-BW006;;1;1 513,00;1
AC-G022;;2;1 395,00;1
AC-G066eh;757608;1;7 395,00;1
AC-G218eh;;3;7 059,00;1
AC-G242;;1;1 765,00;1
AC-G282e;;2;5 210,00;1
AC-G283eh;;1;4 370,00;1
AC-G284-1ev;;1;840,00;1
AC-G285;;1;2 353,00;1
AC-G293-1eh;;2;7 563,00;1
AC-G309;;4;1 345,00;1
AC-G510e;;1;10 757,00;1
AC-I045-1;;4;1 177,00;1
AC-I074e;;2;7 731,00;1
AC-I091;;3;1 177,00;1
AC-I101e;;2;8 404,00;1
AC-I118e;;1;8 404,00;1
AC-K081-2ev;;3;840,00;1
AC-K118eh;;1;10 253,00;1
AC-K120;;1;1 597,00;
AC-K171eh;Каменз 2,8 Евро 5;2;7 395,00;1
AC-K177eh;;1;10 253,00;1
AC-K179eh;;1;10 421,00;
AC-M034eh;;1;4 538,00;1
AC-M082e;;3;6 387,00;
AC-M146e;;1;6 555,00;1
AC-M179e;;1;7 059,00;1
AC-T009e;;1;6 555,00;1
AC-T026e;;1;6 051,00;1
ACP-AR067;;4;538,00;1
AC-G628eh;;1;4 538,00;
Turbo-I017;RHF55/VA440031/VB440031/VC4400;1;14 959,00;
