TH-CZ004;;1;3 852,00;1
TN-GT17-245B;835406-0012 28211-4C001;2;12 620,00;1
CT-VNT7-1B;;5;9 631,00;1
Turbo-G813;;1;30 719,00;1
TN-FLP-7643147;B58;2;3 321,00;
Turbo-G609;;1;33 708,00;1
Turbo-K313;;1;18 099,00;
BM-019B;;3;7 804,00;1
CW-0854B;;1;3 155,00;
CW-1161B;;3;1 494,00;1
EAM-001S;C мотор;2;1 827,00;1
EAW-001;C;7;747,00;1
EAW-002;червь B;24;1 162,00;
NR-N086;;3;5 314,00;1
RK-BW1-2;;2;1 162,00;1
RK-G21-4;;1;2 823,00;1
RK-G66-1;;1;1 777,00;1
RK-I28-1;;1;1 328,00;
RK-M9-1-2;;2;1 030,00;1
TH-G049;;4;4 317,00;1
TW-0743-1;;1;3 819,00;
TW-0758-1;;4;11 291,00;1
CW-0392-1;;1;614,00;
TNHL-FLP-131;28231-2GTA1;3;2 989,00;1
TD04-091;;2;6 310,00;
GT40-035;;7;8 635,00;
KP35-028B;;1;7 970,00;1
GT14-085B;;1;8 303,00;1
R2S-041-LB;;2;9 133,00;
BM-009BR;;2;8 635,00;
GT14-084B;;2;6 974,00;1
GT17-202BR;;1;9 631,00;
B0-009B;;1;7 306,00;
Co-010BR;;2;11 624,00;1
RK-G75-1R;;1;996,00;1
TN-Turbo-BW097-oe;1258-970-0113;1;48 985,00;
AC-G466e;;1;6 310,00;1
AC-G724eh;;1;8 303,00;
AC-K178eh;;1;3 985,00;1
AC-G726eh;;1;8 469,00;
AC-BW027e;;1;63 929,00;
TN-AC-K199-1eh;59001107265\6nw010430-34;1;7 970,00;
TBS-15M-2661;90124-01050;2;5 480,00;1
TN-AC-G943e;;1;7 638,00;
TN-AC-G337e;;1;11 624,00;
TN-TURBO-5457336-oe;5457336;1;27 232,00;
BM-018B;;3;8 469,00;1
TD02-018;;1;4 982,00;1
TF035-048B;;1;6 974,00;
CW-2104B;;3;3 819,00;1
TF035-VG14B;;1;9 465,00;
EAW-003;D;3;1 162,00;1
NR-N169;;1;8 136,00;
RK-KY3-1;;3;1 611,00;
TW-0542-1;;2;12 454,00;1
TN-Turbo-13830138;1383-970-0138/1000578628;1;43 837,00;1
RHF5-102;;2;6 808,00;1
CW-1885BR;;1;1 661,00;
NR-N171;;2;13 948,00;1
HX5-067;;1;12 122,00;1
TD02-045BR;;2;7 140,00;1
AC-K106-1eh;;1;8 136,00;
AC-K212e;;1;17 103,00;1
Turbo-K209;;1;24 908,00;
Turbo-H046;;1;14 612,00;
TN-Turbo-H569;5329222;1;34 040,00;1
TN-Turbo-H341;5356555/1118010-M35-0000;1;34 040,00;
TN-GT40-091;827986-0018;1;14 612,00;1
TN-RHF4-099;vp71/1118010-a02-aa/jqp53;1;8 967,00;
Turbo-S066;316429/316699/a0060966699;1;25 240,00;1
GT12-039B;;1;8 136,00;
TW-1104-1R;;1;1 993,00;
TN-Turbo-I587;vigj;1;34 372,00;
TN-HE4-007B;;1;64 593,00;
TNZH-Turbo-S056-1-oe;1274-970-0004;1;17 269,00;1
TNZH-Turbo-S056-oe;1274-970-0003;1;17 269,00;1
AC-BW025e;;1;8 136,00;1
Turbo-KA001-4FB;7с6м/740601118013;2;14 945,00;1
Turbo-KA001-5FB;7с6м/740601118012;2;14 945,00;1
Turbo-G820;;1;36 531,00;1
T2-074;;1;5 812,00;
GT32-014;;1;8 136,00;1
TD02-068BR;;2;6 642,00;1
TD04-090;;1;7 638,00;1
TH-G437;;3;4 317,00;1
TH-I142;;1;3 321,00;
RK-G26-5;;1;1 910,00;1
TN-GT884750;884750-0002;1;14 114,00;
TN-Turbo-S083-oe;1258-970-0004  ;1;27 232,00;1
TN-Turbo-S083-1-oe;1258-970-0005  ;1;27 232,00;1
TN-TURBO-K216-oe;5331-970-7201;1;28 893,00;
NR-N089-2;;1;6 808,00;1
NR-N089-3;;2;6 476,00;1
NR-N089-4;;1;6 808,00;
NR-N108-5;;1;6 310,00;1
NR-N134;;1;4 483,00;
GT12-040B;;3;7 638,00;1
NR-N124-1R;;1;5 978,00;1
Turbo-I015S;;1;30 885,00;1
R2S-041-HBR;;1;9 465,00;
GT12-033-1B;;1;7 472,00;1
R2S-063-HB;;4;9 963,00;1
CW-2096B;;1;2 491,00;
CW-2166BR;;2;1 661,00;
NR-N066-2;;1;1 079,00;
TH-BW033;;1;3 653,00;
TH-K271;;1;7 638,00;1
Turbo-H216;;1;24 077,00;1
Turbo-T004;;1;16 273,00;1
AC-M103e;;1;11 956,00;1
AC-M212;;1;2 491,00;
CW-2002B;;2;3 321,00;1
TW-1324R;;1;1 661,00;1
TN-Turbo-H130;3791426;1;87 674,00;
CW-2116B;;1;1 661,00;1
HY55-009B;;1;50 147,00;1
NR-N115-1;;1;3 487,00;1
TW-0243;;1;3 321,00;
TBS-15M-3022;49477-01500;2;5 480,00;
TN-Turbo-K391-OE;5739-970-0005  1118100-XED95;1;68 911,00;1
TN-TH-H131;5356555/1118010-M35-0000;1;9 465,00;1
TN-Turbo-GC47-OE;870885-5 original;1;74 889,00;
TN-HE4-048;3773765;1;67 217,00;1
TN-RHF5-045;;1;7 804,00;
TN-HX-131;3599492;1;8 967,00;
TN-Turbo-H233;3599491 HX35G;1;20 756,00;
GT17-090;;1;7 638,00;
TH-K204;;1;3 985,00;
TN-Turbo-M184;49135-07400;1;30 055,00;
TN-TH-I332;VJ24/TH-I127;1;4 566,00;
TN-Turbo-125501;1255-970-0001/5340.1118010;1;40 350,00;
TN-Turbo-3785228-oe;3785228;1;28 893,00;
AC-G504eh;;1;4 317,00;1
GT14-082B;;4;7 804,00;1
NR-N005-2;;2;2 989,00;1
RK-H17-2;;2;2 325,00;
K03-067-1BR;;2;7 638,00;1
B01-027B;;1;7 970,00;1
B03-007BR;;1;9 631,00;1
B03-009BR;;1;9 631,00;1
BM-017BR;;1;10 627,00;1
Co-012BR;;1;8 136,00;
GT14-086B;;2;9 133,00;
GT17-131;;1;8 801,00;
GT17-134B;;1;9 465,00;
GT17-148BG;;3;17 435,00;1
GT17-227B;;3;10 793,00;1
GT20-099-1B;;1;10 295,00;1
GT22-050;;1;8 469,00;
GT32-019-1;;2;9 631,00;
GT14-099B;;1;8 967,00;
K0CG-004-1BR;;2;9 133,00;
K0CG-004B;;2;9 133,00;
R2S-063-LBR;;4;11 125,00;1
R2S-073-HB;;1;9 631,00;1
RHF3-034-1B;;1;9 963,00;
RHF4-127;;1;9 133,00;1
NR-N177-2R;;1;6 476,00;1
TH-M045-2;;1;4 151,00;1
TH-T018-1;;1;4 566,00;
TH-M061;;1;3 819,00;1
TH-Co001M;alluminium e&e;1;28 893,00;1
TW-1465;;2;3 819,00;1
Turbo-G091;;1;11 291,00;1
Turbo-K083;;1;12 620,00;1
RK-KA13-1;;4;1 661,00;1
CW-2198B;80.15.13 турбокомплект;2;3 653,00;1
GT12-001-1;;1;7 306,00;
R2S-067-LB;;2;14 612,00;
R2S-067-1HB;;2;10 295,00;
TH-M130;;2;5 148,00;1
NR-N095R;;1;7 140,00;1
TNHL-FLP-124;1761178;2;1 993,00;1
K03-181B;;9;14 945,00;1
K03-078-1B;;3;8 635,00;1
GT12-052B;;1;8 303,00;1
GT14-076B;;2;7 638,00;1
Turbo-M110;;1;30 885,00;1
Turbo-M159;;1;14 114,00;1
BV40-009B;;1;8 801,00;1
AC-I174eh;;1;9 797,00;
AC-G676e;;1;9 465,00;
AC-K331e;;2;;
AC-K331-2e;;2;11 457,00;
AC-I217e;;1;4 982,00;
B03-008B;;1;9 631,00;1
CT16-005B;;3;8 801,00;1
FLP-097;49373-01000;21;1 079,00;1
Turbo-G117;;1;26 568,00;1
CW-1844B;;3;4 151,00;
TW-1240-1;;1;2 076,00;
K03-026;;1;6 476,00;1
K03-143BR;;1;8 469,00;1
Turbo-G349S;;1;28 727,00;1
CW-1660BR;;1;2 491,00;
TN-Turbo-S295;AL-2020, A4720901880;1;73 062,00;1
CW-2173B;;1;6 310,00;
KP39-019B;;1;6 642,00;
R2S-070-LBR;6560902800 AL-0083 10009700322;3;21 753,00;1
RHF4-082;;2;8 136,00;
RK-G62-1R;;1;1 245,00;
Turbo-G048;;1;22 915,00;1
KAM-027;TKP-6.1;1;9 631,00;1
KAM-027-1;TKP-6;2;14 114,00;1
NR-N059-2B;;1;3 155,00;
NR-N163;;1;12 620,00;1
Turbo-K046;;1;26 070,00;
TN-Turbo-S294;AL-2013, A4710903480;1;85 516,00;
GT17-113R;;1;7 638,00;1
K03-136B;;2;7 804,00;1
TH-I152M;;2;12 288,00;1
TN-Turbo-H023-OE;4049337/4049338/4027013;1;19 096,00;1
TN-Turbo-BW186;1387-970-0175\202V09100-7841 6;1;48 985,00;1
TN-Turbo-IS006;G15P9A003-002/GX15;1;35 081,00;
TN-TH-BW053;1258-970-0113;1;10 627,00;
TN-Turbo-GW010-OE;1118100-AEG08B;1;50 147,00;1
RHF3-003;;1;6 974,00;
TH-K064S;;1;4 483,00;1
TH-K098S;;1;3 653,00;
TH-M013;;2;3 487,00;1
TN-Turbo-M140-OE;1380-003-012\1044220GH500;1;28 229,00;1
K03-035-1B;;10;7 140,00;1
GT17-060-3B;;13;6 476,00;1
GT37-036;;4;15 111,00;1
B3-014B;;1;22 583,00;
CT-VNT-1B;;2;6 642,00;1
TN-FLP-RS5;5303-970-0768;1;4 566,00;1
TBS-15BM-2699;;2;6 476,00;
TBS-15C-0133;;2;6 476,00;1
TBS-15G-1511;;2;5 480,00;
TBS-15G-2616;;2;5 978,00;
TBS-15G-2255;;2;5 646,00;
TBS-15G-4499;;1;4 151,00;1
TBS-15I-2311;;2;6 476,00;
TBS-15K-2344;;2;5 978,00;
TBS-15K-0399;;2;4 982,00;
TBS-15K-2221;;2;4 151,00;1
TBS-15K-2772;;1;7 638,00;
TBS-15M-2444;;2;4 151,00;
TBS-15G-0221;;2;5 646,00;
TN-Turbo-JP44;камаз компас JAC;1;24 077,00;
TNZH-Turbo-S057-oe;1274-970-0040 s2b;1;21 753,00;1
TNZH-Turbo-S057-1-oe;1274-970-0041 S2B;1;21 753,00;1
TN-Turbo-H671;202V09100-7926 3790082 5330192;1;28 893,00;
GT17-053;;1;7 804,00;
Turbo-BW009;;1;17 767,00;1
TN-Turbo-H157-3-oe;HE211 3774225;1;18 432,00;
TNZH-Turbo-CZ013-oe;C15-505-01;1;19 594,00;1
TNZH-Turbo-H067;HE200 3776286;1;18 432,00;1
AC-BW041e;;1;9 797,00;1
AC-Co011e;;1;9 963,00;1
AC-G771-2e;;1;7 306,00;
AC-K202-1ev;;1;1 827,00;1
TN-TH-13830138;B3G 1383-970-0183 (1004558990);1;11 624,00;
TN-CHRA-PSH0008865;;1;9 963,00;1
TN-Turbo-4051393;VG1560118229;1;23 081,00;
TN-Turbo-H676;5500949 HE500WG 202V09100-7915;1;32 380,00;
TN-Turbo-I201-1;A2760901480 ;1;43 837,00;
TN-Turbo-I201;A2760901580 ;1;43 837,00;1
TN-Turbo-XL006;609000014 5511695947 XT60;1;46 162,00;
VF-016;VT01/1380-003-012\1044220gh500;2;9 133,00;1
NR-N164;;1;2 989,00;1
RK-S16-1;;1;2 823,00;
Turbo-G450S;;1;31 882,00;
TN-AC-H113-1e;5548354 даф106;1;115 405,00;
TN-FLP-A8;комплект 079145703e;2;4 649,00;
TN-AC-G673e;852072;2;6 642,00;1
TN-TH-2126714;2126714 5354337 HE500WG;1;10 056,00;1
TN-Turbo-H875;2126714 5354337 HE500WG;1;98 136,00;1
TN-Turbo-GB43;766758;1;128 631,00;
TN-Turbo-JP44-OE;камаз компас JAC;1;34 704,00;
K03-015;;1;5 812,00;
GT20-070B;;1;9 631,00;
K04-041B;;1;8 136,00;
RHF4-170B;;1;8 967,00;
NR-N150-1;;1;6 476,00;
Turbo-G081;;1;51 143,00;
AC-G518-1eh;;1;4 317,00;
AC-G580-1e;;1;8 967,00;
AC-I302;;1;2 159,00;
AC-K199-1eh;;1;4 317,00;1
AC-K326;;1;1 827,00;
AC-M218e;;1;5 978,00;
TN-Turbo-GF97;822206-0010;1;82 361,00;1
Turbo-IS002-OE;G20P9A012-003\F4J20-1118010;1;54 464,00;
CW-1145BR;;1;1 411,00;
CT12-008;;1;7 638,00;1
HX-003;;1;7 970,00;1
HX-110;;1;7 638,00;1
K03-025;;1;6 310,00;1
NGT-029BR;;2;8 801,00;
RHF3-097BR;;1;8 801,00;
K03-172B;;2;7 140,00;1
RHF5-131B;;2;10 295,00;
Turbo-G435;;1;12 786,00;1
Turbo-K050;;1;11 624,00;
Turbo-M042;;1;14 612,00;1
Turbo-M151;49178-03123/2823045100;1;13 782,00;1
TD03-015BR;;1;7 306,00;1
TF035-VG12-1B;;2;7 970,00;1
TN-FLP-S55;49335-02004;2;3 321,00;1
K14-006;;1;6 144,00;1
Q;;1;;
TBS-0522X;;2;98 136,00;
TBS-2033;763647-0014;1;38 025,00;
TBS-2034;758532-0012;1;38 025,00;
AC-Co007e;;1;9 797,00;
AC-G768eh;;1;8 801,00;1
B03-017;;2;9 797,00;1
B03-031BR;;2;10 461,00;1
GT15-066;;1;6 310,00;
GT20-023-1;;1;5 480,00;
GT20-085;;1;6 642,00;1
RK-G19-10;;1;1 030,00;1
RK-G63-3;;1;1 079,00;
RK-K22-3R;;1;1 378,00;
TD04-148B;;2;8 967,00;
TF035-VG16B;;1;7 638,00;1
TF035-VG4;;1;6 974,00;
Turbo-K247;;1;23 579,00;
TBS-15BM-0499;;2;5 480,00;
TBS-15K-2265;;2;5 480,00;
TBS-15G-2000F;757608;2;5 978,00;
TBS-15G-0272;;2;4 151,00;
TBS-15G-2111;;2;4 151,00;1
TBS-78HA-2000;;1;3 155,00;
TBS-78HA-0344;;1;3 155,00;
TBS-15G-1577;;2;4 151,00;
TBS-15G-0900;;1;5 978,00;
TBS-15G-2000B;;2;5 978,00;
TNHL-FLP-090;5439-970-0049;2;1 661,00;1
TBS-15G-0299;;2;4 649,00;
TBS-15G-1877;;2;4 649,00;
TBS-15G-1388;;2;4 151,00;
TBS-15G-0166;;2;4 151,00;
TBS-15G-1199;;2;4 151,00;
TBS-15G-1700;;1;5 978,00;
TBS-15G-0488B;;2;5 978,00;
TBS-15G-4444;;2;4 151,00;
TBS-15G-0511;AC-G263-1eh;2;5 978,00;
TBS-15G-2655;;2;5 978,00;
TBS-15G-0999;;1;4 151,00;
TBS-15G-1277;;2;7 140,00;
TBS-15I-0933;;1;6 144,00;1
TBS-15I-1299;Старое AC-I158e / AC-I137e;2;6 144,00;1
TBS-15K-2355;Старое AC-K015-2e;2;4 649,00;
TBS-15K-0777;;2;4 815,00;
TBS-15K-1311;;2;7 638,00;
TBS-15K-1133;;2;4 649,00;
TBS-15K-1488;;2;7 306,00;
TBS-15K-0799;;2;8 136,00;1
TBS-15K-2827;;2;5 148,00;
TBS-15K-2823;;1;4 982,00;
TBS-15M-4955;;2;4 151,00;
TBS-15M-2241;;1;5 314,00;1
TBS-15T-0178;;2;5 480,00;1
TBS-15G-0044;;2;5 978,00;
RK-G28-1;;1;2 491,00;1
TBS-02M-3102X;;1;9 963,00;1
TBS-0497;;1;27 066,00;
TN-Turbo-GE34;761064;1;75 055,00;
TN-Turbo-BW018-oe;04298278/1158-970-0000;1;21 420,00;
TN-Turbo-G130;783801-24\17201-E0745;1;89 999,00;
TN-Turbo-1118300KFA;;1;37 527,00;
TN-Turbo-Ko021;KTR110G-K75B  6505-52-5540;1;64 427,00;
TN-Turbo-Ko006;6505-61-5030 KTR110L-997A;1;39 188,00;
TN-Turbo-Ko016;KTR110L-897AW  6505-61-5051;1;41 845,00;
TN-Turbo-CZ010-2-oe;К36-88-04;1;26 900,00;1
AC-BW040ev;;1;1 827,00;
AC-G552-1ev;;2;2 042,00;
AC-I101-3e;;1;6 642,00;1
AC-I350-1e;;1;25 074,00;
AC-I350e;;1;25 074,00;1
AC-K265;;1;1 461,00;
AC-K283-1;;1;1 694,00;1
AC-K386-1e;;1;8 635,00;
GT25-054BR;;1;9 797,00;1
GT32-023;;1;9 299,00;1
GT42-019B;;2;14 945,00;1
NR-N107-3;;1;6 310,00;
RHF4-115-1B;Старое RHF5-093;1;14 945,00;1
Turbo-K337;;1;47 324,00;
TN-CT16-008B;17201-52010;1;27 232,00;1
TN-TH-I557;06J145713F;2;16 273,00;1
TN-CT16-008-1B;17208-52010;1;27 232,00;1
TN-Turbo-T046-1;17208-52010;1;76 051,00;1
TN-Turbo-BW126-OE;1853-970-0104;1;64 261,00;1
TN-Turbo-5606753;1004099372;1;65 258,00;1
TN-Turbo-I310;VVQ2;1;54 298,00;1
TN-TH-H245;5329222;1;8 967,00;1
TN-Turbo-M371-OE;49180-04800 1118100-XEB04;1;54 298,00;1
TN-Turbo-H942;5555942;1;54 298,00;1
TN-B03-016;AL-0092 1853-970-0104;2;16 771,00;1
TN-AC-I301;VVQ1;2;3 819,00;1
TN-Turbo-I309;VVQ1;1;54 298,00;1
TN-AC-I302;VVQ2;1;3 819,00;1
TNHL-AC-GW010e;1118100-AEG08B 1118433XELT25;1;6 974,00;1
TN-AC-G218eh-GB;G-049;2;5 480,00;1
TNHL-FLP-5304-0125;5304-970-0125;2;2 574,00;1
AC-BM003-2e;;1;7 472,00;1
AC-BM007e;;1;10 129,00;1
AC-BW033-1e;;1;8 303,00;1
AC-G885e;;1;9 963,00;1
AC-H017;;2;1 428,00;1
NR-N171-1;;1;14 280,00;1
TD04-108-1B;;2;9 963,00;1
Turbo-K102;;1;15 775,00;1
AC-I301;VVQ1;1;1 577,00;1
Turbo-BW033-1;;1;40 682,00;1
Turbo-GA24;;1;29 557,00;1
Turbo-M380;;1;37 527,00;1
AC-G961eh;;1;7 140,00;1
AC-I103;;1;1 611,00;1
AC-H113-1e;;1;58 118,00;1
TN-Turbo-S085-oe;1487-970-0015/0090961199;1;38 108,00;1
TN-Turbo-KA017;ТКР 6/D-245.27 D-245S-435/437;1;16 323,00;1
TNZH-Turbo-CZ010-oe;К36-087-01/48597514018;1;21 919,00;1
TNZH-Turbo-CZ010-1-oe;К36-88-01/48597514018;1;26 900,00;1
AC-BW005e;AC-BW005e;1;6 642,00;
CW-1588BR;CW-1588BR;1;1 661,00;1
CW-1592BR;CW-1592BR;1;1 411,00;1
GT45-043B;GT45-043B;1;21 088,00;
B01-014BR;B01-014BR;1;7 638,00;1
NR-N021-3;NR-N021-3;1;3 487,00;
TW-1544;TW-1544;2;2 325,00;
TD04-159BR;TD04-159BR;2;7 140,00;1
TN-AC-H057e;5464802 от he-039b;1;66 420,00;1
TN-CHRA-C1292;С12-092;1;19 594,00;
TN-Turbo-5637975;1118010-M5B-02001/5637975;1;29 391,00;1
TF035-VG11;;2;8 801,00;
BV55-000B;;1;19 428,00;1
RK-BW2-6;;1;1 661,00;
RK-K1-5R;;1;1 212,00;1
Turbo-K064-1S;;1;19 096,00;1
AC-G673e;;1;8 303,00;1
AC-GA54e;;1;5 480,00;
AC-M220e;;1;7 804,00;
AC-G771;;1;1 993,00;
TBS-15G-1899;;2;4 151,00;1
TBS-15I-1655;;2;7 472,00;
TBS-15G-2488;;2;4 151,00;1
TBS-15K-2775;;2;7 306,00;
TBS-15G-3177;;2;4 982,00;1
TBS-15G-1700B;;2;5 978,00;
TBS-15G-1899D;;2;4 151,00;1
TBS-15G-0272B;;2;4 151,00;
TBS-15G-2000;;2;5 978,00;1
TBS-15G-2011;;2;4 151,00;
TBS-15T-1999;;2;5 978,00;1
TBS-15K-1664;Каменз 2,8 Евро 5;1;5 978,00;1
TBS-15G-3288;;2;4 151,00;
TBS-15G-2266;;2;4 151,00;
TBS-15G-2477;;2;5 978,00;
GT40-028-3;;1;24 077,00;1
RHF3-021;;2;8 303,00;
R2S-072-HB;;3;9 963,00;
TF035-VG9B;;2;6 974,00;
CW-1914;;3;747,00;
NR-N003-1;;1;2 325,00;
NR-N039-1;;1;3 155,00;1
NR-N141;;1;5 646,00;1
NR-N084-1B;;1;3 155,00;1
TH-K348;;1;5 978,00;
Turbo-G196S;;1;23 579,00;
Turbo-K143;;1;25 572,00;1
VGT-VG8-007-N;;1;13 948,00;
TH-K348-1M;;1;13 118,00;
TW-0219;;3;19 926,00;
NR-N139-1;;2;5 480,00;1
TH-G137-1;;1;5 148,00;1
BP-BW1-1B;;1;232,00;
BP-BW2-1B;;1;332,00;1
BP-G24-2-1;;2;1 162,00;1
BP-GT001;;2;332,00;1
BP-GT006;;1;382,00;
BP-GT017;;1;382,00;
BP-GT030-3;;1;315,00;1
BP-GT033-1;;1;299,00;
BP-GT038;;1;332,00;1
BP-GT048;;2;382,00;1
BP-I16-6;;1;531,00;1
BP-K1-14;;2;365,00;
BP-K2-12;;1;1 046,00;1
BP-K3-2B;;1;183,00;1
BP-K4-5;;1;1 013,00;
BP-K8-1B;Старое BP-BW3-1B;1;382,00;1
BP-KA4-1B;90-14;1;432,00;1
BP-S1-2B;;3;332,00;1
BP-T3-2;;1;548,00;
NR-N001;;3;2 657,00;1
NR-N004;;1;2 657,00;1
NR-N005;;2;3 072,00;1
NR-N006;;2;5 148,00;
NR-N006-1;;5;5 397,00;
NR-N008-1;;4;4 815,00;1
NR-N008-1-S;;2;1 295,00;1
NR-N008-2-S;;1;1 295,00;1
NR-N008-3;;1;5 480,00;1
NR-N008-3-S;;1;1 162,00;1
NR-N008-4;;2;5 148,00;1
NR-N008-4-S;;1;1 113,00;1
NR-N008-7;;2;4 815,00;1
NR-N008-S;;2;863,00;1
NR-N011;;3;4 982,00;1
NR-N012;;2;3 487,00;1
NR-N014;;1;3 819,00;1
NR-N015-2;;1;2 823,00;
NR-N016;;2;3 321,00;1
NR-N016-2;;1;3 487,00;
NR-N017;;2;4 483,00;1
NR-N018;;1;6 144,00;1
NR-N019-3;;2;3 487,00;1
NR-N021-1B;;4;2 823,00;1
NR-N021-2B;;2;2 823,00;1
NR-N022-1;;6;5 978,00;
NR-N025;;1;14 446,00;1
NR-N030;;3;4 815,00;1
NR-N030-1-S;;1;1 328,00;
NR-N030-S;;1;1 295,00;1
NR-N033;;1;3 653,00;1
NR-N037-1B;;1;2 740,00;1
NR-N038;;1;3 487,00;1
NR-N039;;1;2 989,00;1
NR-N040;;2;6 310,00;1
NR-N041;;2;3 819,00;
NR-N042;;11;2 989,00;1
NR-N042-2B;;1;2 657,00;1
NR-N042-3;;3;3 238,00;1
NR-N043;;2;6 808,00;1
NR-N043-1;;1;8 469,00;1
NR-N044;;2;3 487,00;
NR-N045;;2;4 982,00;1
NR-N045-1;;1;4 815,00;
NR-N049;;2;3 155,00;1
NR-N050-1;;1;3 819,00;1
NR-N052;;3;5 397,00;
NR-N053;;3;7 638,00;1
NR-N054;;2;3 487,00;1
NR-N054-1B;;3;3 653,00;1
NR-N054-2;;3;3 321,00;1
NR-N055-1B;;1;2 989,00;1
NR-N055-2B;;1;2 989,00;
NR-N055-3B;;1;2 740,00;1
NR-N055B;;2;3 072,00;1
NR-N057;;1;2 989,00;1
NR-N058-1B;;4;3 653,00;1
NR-N058B;;1;2 989,00;1
NR-N059-1B;;1;2 823,00;1
NR-N062;;2;6 476,00;1
NR-N063;;2;7 638,00;1
NR-N065;;2;6 310,00;1
NR-N069;;1;5 480,00;1
NR-N070;;3;12 620,00;
NR-N071;;2;7 306,00;1
NR-N071-1;;2;7 306,00;1
NR-N071-2;;2;7 804,00;
NR-N072-2B;;1;3 321,00;
NR-N074;;1;5 646,00;1
NR-N076;;12;5 314,00;1
NR-N076-1;;1;5 978,00;1
NR-N077;;1;3 570,00;1
NR-N077-1;;1;3 653,00;1
NR-N078;;2;2 906,00;1
NR-N080;;2;7 472,00;
NR-N080-1;;1;7 306,00;1
NR-N082;;1;5 646,00;1
NR-N084;;1;3 653,00;1
NR-N085-1;;2;5 314,00;1
NR-N085R;;1;5 812,00;
NR-N089;;1;6 144,00;
NR-N090;;2;6 144,00;1
NR-N091-1;;1;12 454,00;
NR-N096;;4;6 310,00;1
NR-N104;;1;14 612,00;1
NR-N105;;1;7 472,00;1
NR-N107-1B;;2;664,00;1
NR-N108;;2;6 310,00;1
NR-N111;;1;6 642,00;
NR-N115;;1;3 819,00;1
NR-N120;;1;7 140,00;1
NR-N121;;1;7 306,00;1
NR-N122;;1;7 970,00;
NR-N122-1;;1;6 310,00;
NR-N124;;1;5 978,00;1
NR-N131;;1;6 808,00;1
NR-N132;;1;5 646,00;1
NR-N132-2;;2;6 144,00;
NR-N140;;6;8 801,00;1
NR-N147;;1;6 476,00;
NR-N150R;;2;5 978,00;
NR-N151R;;1;6 144,00;1
NR-N152;;1;13 616,00;
NR-N154;;2;4 649,00;1
NR-N158;;2;6 974,00;1
VG1-2b;;2;2 823,00;1
NR-VG1-2e;;3;4 649,00;
VG1-4b;;2;1 328,00;1
VG1-4c;;1;1 328,00;1
NR-VG1-8;;1;581,00;1
VG1-9;;1;581,00;1
NR-VG7-set2;;1;19 428,00;
NR-VG8-2b;;1;4 317,00;
NR-VGT-VG1-001;;1;14 114,00;1
NR-VGT-VG1-002;;3;13 782,00;1
NR-VGT-VG6-001;;2;13 782,00;
TN-FLP-49180-01240;;2;2 989,00;1
FLP-020;49131-07005;4;1 013,00;1
FLP-021;5303-970-0120;5;1 079,00;1
FLP-026;5303-970-0154;2;714,00;1
FLP-031;06h145702q;15;863,00;1
FLP-034;781504;2;1 162,00;1
TNHL-FLP-037;03F145701R/G/F;7;1 661,00;1
FLP-038;03f145701k;2;1 162,00;1
FLP-040;5303-970-0290;1;764,00;1
FLP-044;5303-970-0110;11;996,00;1
FLP-045;5303-970-0159;7;1 494,00;1
TN-FLP-045-1;c крутилкой/53039700134;2;1 993,00;1
TN-FLP-04E145713Q;Bosch;5;3 487,00;1
TNHL-FLP-055;5303-970-0025;6;1 993,00;1
TN-FLP-060;5303-970-0086;1;1 993,00;1
FLP-064; 5303-970-0064;4;565,00;
FLP-072;49477-02001/2/3/4/5/6/7/8;2;747,00;1
FLP-076;10009700076;2;1 993,00;1
TNHL-FLP-077;06k145722h;2;3 487,00;1
TNHL-FLP-080;;2;1 993,00;1
TN-FLP-082;06J145702K/T/L;5;2 657,00;1
TN-FLP-097;49373-01000;20;1 993,00;
TN-FLP-A271;;8;2 159,00;1
TN-FLP-A274;;2;2 989,00;1
TN-FLP-A276;;9;7 140,00;1
TN-FLP-N55;1853-970-0008;2;1 993,00;
TNHLFLP-N63;;6;1 993,00;1
TN-FLP-S63;gt22-043;9;1 993,00;1
B0-003B;;1;7 140,00;1
B0-004B;;4;7 970,00;1
B0-006B;;5;6 974,00;1
B01-002BR;;3;7 472,00;1
B01-004BR;;3;7 638,00;1
B01-008B;;1;7 638,00;1
B01-010BR;;1;7 140,00;
B01-015BR;;3;8 303,00;
B03-000BR;;4;9 631,00;1
B03-002;;1;8 303,00;1
B03-003B;;2;9 133,00;1
B03-004BR;;1;9 631,00;1
B03-010B;;1;8 635,00;1
B03-013BR;;1;9 299,00;1
B1-002;;1;8 303,00;1
B1-008B;;3;10 793,00;1
B1-011B;;2;11 457,00;1
B2-007;;2;11 291,00;1
B2-016;;1;10 959,00;1
B2-026B;;1;12 454,00;
B2-028;;1;11 291,00;
B2-057;;1;11 956,00;
R2S-071-L;B3-000-C;3;14 114,00;1
B3-000-C1B;;4;15 443,00;1
B3-001;B2-004 пара;1;17 103,00;1
B3-007-C1;;2;14 945,00;1
B3-011B;;1;16 937,00;
BM-000B;;1;7 804,00;1
BM-003BR;;1;7 970,00;1
BM-004B;;1;7 472,00;
BV38-002B;;1;6 642,00;1
BV40-000B;;2;6 642,00;1
BV40-006B;;1;8 136,00;
BV40-007B;;1;7 638,00;1
BV70-000B;;1;26 070,00;1
TN-BV70-003B;1270-970-0288;1;32 214,00;1
Co-008BR;HX7Z-6k682;2;8 469,00;1
CT-VNT3B;;3;8 469,00;1
CT-VNT4B;;1;8 469,00;1
CT-VNT5;;2;7 472,00;1
CT-VNT7BG;;1;19 594,00;1
CT12-000;;1;8 469,00;1
CT16-000;;2;5 812,00;1
CT16-001;;1;5 978,00;
CT16-004;;1;6 642,00;1
CT20-001;CT20-000;2;8 967,00;1
CT20-005;;1;7 970,00;1
CT20-006;;1;8 967,00;1
CT26-000;;1;8 801,00;1
CT26-001;;2;9 465,00;1
CT26-002;;1;8 801,00;1
CT9-000;CT9-001,CT9-002,CT12-009;1;7 472,00;1
CZ-000;;2;6 974,00;1
CZ-002;C14;2;7 472,00;1
CZ-005;C15-505;1;9 133,00;1
CZ-008;K27-145-01;4;7 970,00;1
CZ-019B;;11;8 469,00;1
GT12-000;;2;6 310,00;1
GT12-009;;1;7 306,00;1
GT12-010;;2;6 974,00;1
GT12-033B;;2;7 140,00;1
GT12-045B;;2;8 136,00;1
GT12-046BR;;1;7 472,00;1
GT12-059B;;2;7 472,00;1
GT12-079B;;1;8 469,00;1
GT14-005;;2;7 472,00;1
GT14-006;;1;7 306,00;1
GT14-009;;8;6 476,00;1
GT14-012;;1;6 144,00;
GT14-013;;11;5 978,00;1
GT14-015;;3;6 476,00;1
GT14-018;;12;6 642,00;1
GT14-022;;1;7 804,00;
GT14-029BR;;2;7 970,00;1
GT14-031;;1;7 140,00;
GT14-033B;;1;8 303,00;1
GT14-035;;1;8 136,00;1
GT14-037;;2;7 638,00;1
GT14-044B;;1;7 804,00;
GT14-048-1B;;2;8 136,00;1
GT14-051B;;1;7 804,00;
GT14-053-1;;2;8 303,00;1
GT14-055B;;2;8 967,00;
GT14-056B;;4;7 306,00;1
GT14-061BR;;1;8 635,00;1
GT14-065B;;4;7 804,00;1
GT14-087BR;;2;7 804,00;1
GT15-001;;2;4 982,00;1
GT15-002;;1;4 982,00;
GT15-005;;1;5 480,00;1
GT15-006;;2;6 144,00;1
GT15-007;;2;4 982,00;1
GT15-008;;3;4 982,00;1
GT15-012;;2;5 314,00;1
GT15-013;;4;4 982,00;1
GT15-014;;6;5 480,00;1
GT15-016;;1;5 480,00;
GT15-017;;1;6 642,00;1
GT15-018;;1;6 642,00;1
GT15-019;;1;5 480,00;1
GT15-020;;3;5 314,00;1
GT15-024-1;;1;5 978,00;1
GT15-025;;2;5 480,00;1
GT15-026;;1;5 646,00;1
GT15-033;;3;5 812,00;1
GT15-034;;1;5 812,00;1
GT15-035;;2;5 148,00;1
GT15-037;;1;6 974,00;1
GT15-040;GT15-041;1;6 642,00;1
GT15-043;;1;5 314,00;1
GT15-044;;2;4 982,00;
GT15-051;;2;5 646,00;1
GT15-053;;1;5 314,00;1
GT15-057;;1;5 480,00;1
GT15-064;;2;5 480,00;1
GT15-065;;1;5 978,00;
GT15-067;;2;6 974,00;
GT15-076;;1;6 974,00;1
GT15-077;;3;5 812,00;1
GT15-081;;4;5 812,00;1
GT15-086;;2;6 642,00;1
GT15-087;Старое GT17-217;1;5 148,00;1
GT15-091;;1;7 306,00;1
GT15-092;;2;6 310,00;1
GT15-094;;7;6 808,00;1
GT15-096;;1;6 476,00;
GT15-104;;3;6 476,00;1
GT16-001;;1;6 476,00;1
GT16-002;;1;6 642,00;1
GT16-005;;4;7 472,00;1
GT17-001;;1;6 642,00;1
GT17-002;;1;5 812,00;1
GT17-003;;1;7 638,00;1
GT17-004;;1;6 310,00;1
GT17-005;;2;5 480,00;1
GT17-007;;1;6 476,00;1
GT17-008;;1;6 310,00;1
GT17-011;;1;5 812,00;1
GT17-012;;1;5 978,00;
GT17-013;;1;5 646,00;1
GT17-014;;3;5 978,00;1
GT17-016;;2;6 476,00;1
GT17-017;;1;7 638,00;1
GT17-020;;1;6 476,00;1
GT17-022;;1;5 646,00;1
GT17-024;;1;6 310,00;
GT17-026;;2;6 476,00;1
GT17-028;Старое GT17-083;1;7 306,00;1
GT17-029;;1;5 646,00;1
GT17-030;;1;5 646,00;1
GT17-032;;1;6 476,00;1
GT17-033;;2;7 140,00;1
GT17-038;;1;7 638,00;1
GT17-042;;1;7 472,00;1
GT17-043;;1;7 140,00;1
GT17-045;;1;8 801,00;1
GT17-047;;4;7 472,00;1
GT17-048;;1;7 306,00;1
GT17-051;;1;7 472,00;
GT17-055;;3;8 469,00;1
GT17-057;;2;6 808,00;1
GT17-058;Старое GT17-187;5;7 306,00;1
GT17-063;Заменили на GT17-062;1;6 642,00;
GT17-067;;1;5 646,00;
GT17-073;;12;6 974,00;1
GT17-074;тонкий;13;6 974,00;1
GT17-074-1;толстый;6;7 140,00;1
GT17-079;;2;5 978,00;1
GT17-088;;2;7 804,00;1
GT17-089;;1;7 970,00;
GT17-092-1;тонкий;6;7 306,00;1
GT17-095;;2;8 136,00;1
GT17-103;;3;5 314,00;1
GT17-114BR;;2;8 136,00;1
GT17-117BG;;10;14 945,00;1
GT17-123;;1;8 635,00;
GT17-128;;2;8 303,00;1
GT17-129;;3;8 303,00;1
GT17-133;;2;8 469,00;1
GT17-133-1;;2;8 469,00;1
GT17-144B;;1;7 804,00;1
GT17-149;;1;7 638,00;1
GT17-153B;;1;8 469,00;
GT17-161BG;;4;17 103,00;
GT17-168;;2;7 306,00;1
GT17-169;;2;7 306,00;1
GT17-174;SALGA vin;5;8 967,00;1
GT17-201;;2;8 801,00;
GT18-005;;1;6 808,00;1
GT18-006;;1;6 310,00;1
GT18-009;;1;6 974,00;1
GT18-012;;1;6 808,00;
GT18-013;;1;6 808,00;1
GT18-017;;1;8 801,00;1
GT20-000;;1;5 314,00;1
GT20-001;;1;6 144,00;1
GT20-008;;2;5 978,00;1
GT20-011;;1;6 974,00;1
GT20-014;;1;5 978,00;1
GT20-015;GT20-052;3;5 978,00;1
GT20-020;;2;5 646,00;1
GT20-021;;2;5 812,00;1
GT20-027-O;;1;6 974,00;1
GT20-027-W;;4;8 136,00;
GT20-029;Заменен на GT20-038;1;8 303,00;1
GT20-030;;2;7 804,00;1
GT20-031;;1;8 801,00;1
GT20-032;;1;7 804,00;1
GT20-033;;3;7 804,00;1
GT20-034;;2;6 310,00;1
GT20-044;;5;7 306,00;1
GT20-050;;1;6 974,00;
GT20-051;;2;8 635,00;1
GT20-062;;1;7 804,00;1
GT20-068;;1;9 299,00;1
GT20-081;;1;8 635,00;1
GT20-089;;1;6 974,00;1
GT20-095B;;1;10 461,00;
GT20-097B;;3;8 801,00;1
GT20-099B;;1;9 299,00;1
GT20-113B;;2;10 129,00;
GT20-118BR;;1;8 635,00;1
GT22-000;;1;7 140,00;1
GT22-001;;1;6 974,00;1
GT22-002;;2;7 140,00;
GT22-008;;3;7 472,00;1
GT22-009;;1;7 472,00;1
GT22-011;;2;5 812,00;
GT22-013;;2;5 812,00;1
GT22-014;;1;6 310,00;1
GT22-015;;3;6 808,00;1
GT22-017;;2;7 140,00;1
GT22-018;;1;7 472,00;1
GT22-020;;6;7 306,00;1
GT22-021;;1;8 469,00;1
GT22-023;;3;8 469,00;1
GT22-028;;1;5 646,00;
GT22-031;;1;6 808,00;1
GT22-034;;1;8 136,00;1
GT22-036;;4;7 306,00;
GT22-036-1;;1;6 144,00;1
GT22-037;;2;7 970,00;1
GT22-038;;1;7 638,00;
GT22-042;;1;9 631,00;1
GT22-043R;Старое GT22-044;1;8 303,00;1
GT22-045;;1;8 469,00;1
GT22-046;;1;8 635,00;
GT22-048;Старое GT22-006;1;6 974,00;1
GT22-049;;5;6 310,00;1
GT22-052;;5;9 133,00;1
GT22-053R;;3;7 638,00;1
GT22-054R;;1;7 638,00;1
GT22-080;;2;8 303,00;1
GT22-081;;2;8 303,00;1
GT22-085BR;;2;7 970,00;1
GT22-088;;1;8 801,00;1
GT22-089;;4;7 970,00;
GT22-096BR;;1;8 469,00;1
GT22-118R;;3;8 303,00;
GT22-119R;;1;8 303,00;
GT23-006;gt23-001;3;8 303,00;1
GT23-002;;2;6 642,00;1
GT23-003;;1;6 808,00;1
GT23-004;;7;7 140,00;1
GT25-000;;1;7 140,00;1
GT25-002;;3;6 808,00;1
GT25-005;;3;5 646,00;1
GT25-006;GT25-021;5;5 646,00;1
GT25-011;;2;9 299,00;
GT25-013;;2;6 476,00;1
GT25-028;;1;6 808,00;1
GT32-004;;6;8 635,00;1
GT32-019-2;;1;10 295,00;1
GT35-003;;1;10 959,00;1
TN-GT37-026;753481-1 only;1;16 439,00;
GT40-020;;1;14 114,00;1
GT40-022;;3;15 111,00;1
GT42-001;;1;10 793,00;
GT42-002;;1;10 959,00;1
GT42-019-C;;1;13 118,00;1
GT42-022;;1;11 457,00;1
GTA-000;;1;32 878,00;1
GTA-006;;1;15 277,00;
GTA-007;;1;24 409,00;
GTA-012;;1;10 461,00;1
GTA-018;Старое GT42-018;1;14 114,00;1
GTR-011G;;3;15 941,00;1
GTR-012G;;17;17 269,00;1
GTR-039BG;;2;17 435,00;1
HE-008;;5;5 978,00;1
HE-009;;1;6 310,00;1
HE-010;;3;5 646,00;1
HE-019B;;1;23 247,00;1
HE-039B;;2;6 974,00;1
HE-040;;1;6 476,00;1
HE4-025B;;2;49 815,00;1
HE4-048;;1;40 682,00;
HE5-007;;1;18 099,00;1
HE5-008;;1;13 450,00;1
HE5-009;;1;13 616,00;
HE5-018;;2;13 450,00;1
HE5-019B;;1;18 598,00;
HTB-002R;;1;16 771,00;
HTB-008R;;1;18 930,00;1
HX25-001;;2;5 480,00;1
HX-001;;1;7 804,00;1
HX-004;;1;7 804,00;1
HX-005;;2;7 472,00;1
HX-009;;2;7 638,00;1
HX-011;;1;8 136,00;1
HX-013;аналог hx-002;1;8 136,00;1
HX-014;;1;7 638,00;1
HX-026;;1;7 804,00;
HX-053;;1;9 133,00;
HX-056;;2;8 136,00;1
HX-057;;2;7 638,00;1
HX-068B;;2;16 107,00;
HX-092;;2;7 804,00;1
HX-104;;1;8 469,00;1
HX-179-C;;8;8 635,00;
HX5-000-C;;1;12 620,00;
HX5-000B;;2;14 280,00;1
HX5-001;;1;11 125,00;
HX5-003;;2;12 952,00;1
HX5-007;;1;11 790,00;1
HX5-011;;1;12 786,00;1
HX5-014;;1;12 786,00;1
HX5-018B;;1;14 114,00;1
HX5-042B;;1;13 948,00;1
HX5-057;;1;10 793,00;1
HX5-059;;1;11 956,00;1
HX5-081;3597659;2;11 291,00;1
HX5-089;;2;12 122,00;1
HY40-004B;;1;40 516,00;1
HY55-003;;3;40 350,00;1
HY55-008;;3;40 848,00;1
K03-003;;1;5 148,00;1
K03-007;;1;6 144,00;1
K03-014;;1;5 314,00;1
K03-016;;2;6 144,00;1
K03-022;;3;5 978,00;
K03-023;;2;5 148,00;1
K03-027;;1;5 480,00;
K03-036;;2;6 144,00;1
K03-038B;;2;6 642,00;1
K03-039B;;1;6 642,00;1
K03-040;;8;6 310,00;1
K03-041;;4;6 476,00;1
K03-043B;;2;7 140,00;1
K03-048B;;3;6 642,00;1
K03-049;;1;5 978,00;
K03-051B;;3;8 635,00;1
K03-056;;15;6 310,00;1
K03-062B;;2;7 472,00;1
K03-068B;;2;8 801,00;
K03-069B;;1;7 472,00;1
K03-070B;;2;7 306,00;1
K03-074;;3;6 808,00;
K03-078B;;6;8 469,00;1
K03-079;;1;6 476,00;1
K03-084BR;;2;8 303,00;
K03-091B;;1;9 299,00;1
K03-094B;;1;6 974,00;1
K03-096B;;10;7 638,00;1
K03-099-1B;;6;7 804,00;1
K03-099B;;2;8 136,00;
K03-100B;;1;7 638,00;1
K03-107B;;1;7 472,00;1
K03-108B;;1;8 303,00;
K03-114B;;18;8 136,00;1
K03-118;;1;6 310,00;1
K03-120B;;1;7 970,00;1
K03-121BR;;1;8 136,00;1
K03-129B;;1;8 136,00;1
K03-155BR;;1;8 136,00;1
K03-176;;2;6 642,00;1
K04-000;;1;5 480,00;1
K04-004;;1;5 480,00;
K04-007;;1;6 310,00;1
K04-011;;3;7 804,00;
K04-015;;2;6 476,00;1
K04-019;;2;6 476,00;1
K04-020-C;;3;5 646,00;1
K04-023B;;2;7 306,00;1
K04-027;;2;6 642,00;1
K04-028;;2;8 303,00;1
K04-029;;4;7 472,00;1
K04-030;;1;8 635,00;
K04-034B;;4;6 310,00;1
K04-047;;3;8 469,00;1
K04-052B;;2;6 974,00;
K0CG-003BR;;1;8 136,00;1
K0CG-007BR;K0CG-008BR;2;8 801,00;
K0CG-010BR;;1;8 136,00;1
K14-004;;1;6 808,00;1
K14-009;;1;6 144,00;1
K14-011;;1;6 144,00;1
K14-017;;2;6 808,00;1
K16-000B;;2;5 812,00;1
K16-011;;1;6 642,00;1
K16-029;;1;6 808,00;1
K26-008;;1;7 970,00;1
K26-027B;;1;10 627,00;1
K27-001;;2;8 967,00;1
K27-005-C1;;1;9 299,00;1
K27-008B;;2;9 465,00;1
K27-013;;1;8 967,00;1
K29-000B;;4;13 284,00;1
K29-003B;;2;13 284,00;1
K31-002;;1;13 948,00;1
K31-003;;1;13 118,00;1
K31-004-C;;3;14 114,00;1
K31-004B;;2;15 443,00;1
K31-005B;;1;14 446,00;1
K31-009B;;2;14 280,00;1
KAM-029;TKP80.15.13;6;9 299,00;1
KP31-000;;1;5 646,00;1
KP35-003;;2;4 982,00;1
KP35-005;;3;5 314,00;1
KP35-010B;пара: K16-028;1;6 476,00;1
KP35-014;;4;6 310,00;1
KP35-016B;;3;7 306,00;
KP39-001;;4;5 480,00;1
KP39-002;;2;5 480,00;1
KP39-003;;2;5 480,00;1
KP39-004;;1;5 978,00;1
KP39-005;;3;5 978,00;1
KP39-006;;5;5 978,00;1
KP39-007;;2;6 144,00;1
KP39-009;;2;5 314,00;1
KP39-010;;3;6 144,00;1
KP39-011;;2;6 310,00;
KP39-012;;2;5 812,00;1
KP39-013;;2;5 812,00;1
KP39-014;;3;7 804,00;1
KP39-020;;1;6 310,00;1
KP39-022;Старое R2S-025-H;2;5 480,00;1
KP39-025;;7;6 476,00;1
KP39-026B;;1;6 310,00;1
KP39-027;;1;6 310,00;1
KP39-034;;1;6 476,00;1
KY-007B;;1;21 587,00;1
NGT-010BR;;1;7 140,00;1
NGT-016BR;;1;7 140,00;
NGT-019B;;2;8 136,00;1
R2S-000-HB;;2;5 646,00;1
R2S-000-L1B;;3;6 144,00;1
R2S-000-LB;;2;6 476,00;1
R2S-003-HB;;2;4 982,00;1
R2S-005-LB;;1;6 642,00;1
R2S-007-H;;1;8 303,00;1
R2S-007-L;;2;11 457,00;1
R2S-008-H;;1;6 144,00;1
R2S-008-L;;1;8 303,00;1
R2S-009-LB;;1;6 476,00;1
R2S-010-HB;;4;9 133,00;1
R2S-010-L;;2;10 959,00;1
R2S-011-L;Старое R2S-011-L / K26-006;2;8 303,00;1
R2S-012-HB;;4;9 465,00;1
R2S-013-L;;3;6 974,00;1
R2S-014-H;;1;8 303,00;
R2S-015-H-C;;1;9 133,00;
R2S-018-H;;1;8 303,00;1
R2S-018-L;;3;13 118,00;1
R2S-020-H;;1;6 310,00;1
R2S-021-L;;1;7 140,00;1
R2S-028-HB;;1;6 476,00;1
R2S-028-LB;;2;7 472,00;1
R2S-031-HB;;5;6 144,00;1
R2S-031-LB;;6;7 638,00;1
R2S-035-1-HB;;3;6 642,00;1
R2S-035-1-LB;;1;8 303,00;1
R2S-035-HB;;2;6 974,00;1
R2S-035-LBR;;2;8 303,00;1
R2S-036-HB;;2;7 638,00;1
R2S-036-LBR;;2;8 967,00;1
R2S-039-HB;;2;6 808,00;1
R2S-039-LB;;3;8 136,00;1
R2S-021-H;R2S-042-H;1;5 314,00;1
R2S-044-LB;;1;12 952,00;1
R2S-055-LB;;5;10 959,00;1
RH6-027;;1;10 461,00;1
RHF3-008;;1;7 638,00;1
RHF3-011;;1;7 970,00;1
RHF3-012B;;2;7 472,00;1
RHF3-025;;1;7 804,00;1
RHF3-030;;1;7 472,00;1
RHF3-052;;4;7 306,00;1
RHF3-053B;;2;7 638,00;1
RHF3-054-С;;1;10 959,00;
RHF3-054B;;1;9 133,00;1
RHF3-075;;1;9 133,00;1
RHF4-003;;1;6 642,00;1
RHF4-004;;1;8 801,00;1
RHF4-007;;2;6 642,00;
RHF4-009;;1;6 144,00;1
RHF4-010;Старое RHF4-046;2;6 642,00;1
RHF4-011;;1;6 642,00;
RHF4-015;;1;8 469,00;1
RHF4-016;;2;6 642,00;1
RHF4-017;;2;7 970,00;1
RHF4-018;;3;6 642,00;1
RHF4-026;;1;7 472,00;
RHF4-028;;2;7 140,00;1
RHF4-029;;2;6 642,00;1
RHF4-032;;1;6 642,00;1
RHF4-033;;2;8 469,00;1
RHF4-037;;3;8 303,00;1
RHF4-037-1;;1;8 801,00;1
RHF4-038;;1;6 310,00;1
RHF4-040;;1;8 469,00;1
RHF4-041;;6;8 136,00;1
RHF4-041-1;;4;8 303,00;1
RHF4-042;;1;6 808,00;1
RHF4-051B;;1;8 303,00;1
RHF4-053;;1;8 303,00;1
RHF4-072B;;1;7 804,00;1
RHF4-077;;3;8 136,00;1
RHF4-078;;1;8 303,00;
RHF4-081;;2;7 140,00;1
RHF4-083B;;2;8 801,00;1
RHF4-091;;5;8 967,00;1
RHF4-094B;;1;8 635,00;1
RHF4-109;;1;7 638,00;
RHF4-115B;Старое RHF5-093;4;7 970,00;1
RHF4-116B;Старое RHF5-092;4;8 801,00;1
RHF4-122B;;1;8 469,00;1
RHF5-002;;2;7 638,00;1
RHF5-004;;1;6 808,00;1
RHF5-005G;;2;14 114,00;1
RHF5-008;;1;7 140,00;1
RHF5-009;;3;7 638,00;1
RHF5-017;;4;7 306,00;
RHF5-018;;1;7 804,00;1
RHF5-019;;3;7 140,00;1
RHF5-020;;1;7 638,00;1
RHF5-023;;1;9 299,00;
RHF5-024;;3;7 970,00;1
RHF5-024-1;;3;7 970,00;1
RHF5-033BR;;2;8 635,00;1
RHF5-037;;2;7 140,00;1
RHF5-045;;2;7 804,00;1
RHF5-049;;3;7 472,00;1
RHF5-055;Старое RHF5-051;1;7 804,00;
RHF5-061;;2;9 465,00;1
RHF5-065;;1;7 140,00;1
RHF5-073;VIGJ;2;7 638,00;1
RHF5-079;VILF;6;13 616,00;1
RHF5-081;;2;7 638,00;
RHF5-088;;1;8 303,00;
RHF5-089B;;1;9 133,00;1
S1-000;;1;5 646,00;1
S2-002;;1;9 963,00;
S2-006;S2B;4;8 469,00;1
S2-015;;2;9 299,00;1
S2-036;;1;9 465,00;1
S2-141;S200 метан;3;7 970,00;1
S3-089-C;;2;10 295,00;1
S3-104;;4;11 125,00;1
S4-101B;;3;26 568,00;1
T2-003;;1;6 808,00;
T2-006;;3;6 476,00;1
T2-070;;2;5 812,00;
TA45-009;;1;10 793,00;1
TD02-001;;1;4 815,00;1
TD02-003;;6;4 815,00;1
TD02-004;;13;5 646,00;1
TD02-005R;;2;6 642,00;1
TD02-007;;1;4 982,00;1
TD02-014BR;;2;6 642,00;1
TD02-016;;5;5 148,00;
TD02-017;;3;5 480,00;1
TD02-023;;2;5 646,00;1
TD02-025BR;;2;6 808,00;1
TD02-027BR;;1;6 808,00;1
TD02-042BR;;1;7 140,00;1
TD02-051BR;;3;6 974,00;1
TD03-002;;7;4 982,00;1
TD03-003;;2;6 476,00;1
TD03-005;;4;6 310,00;1
TD03-007;;3;6 310,00;1
TD03-008;;1;6 642,00;1
TD03-009;;1;6 476,00;
TD03-024BR;;2;7 638,00;
TD03-027B;;1;7 472,00;
TD03-034BR;;1;6 974,00;1
TD04-000;;1;5 314,00;1
TD04-002;;3;5 314,00;1
TD04-003;;1;5 314,00;1
TD04-004;;2;5 314,00;1
TD04-006;;4;6 808,00;1
TD04-008;;1;6 808,00;
TD04-009;;1;6 808,00;1
TD04-010;;2;6 808,00;1
TD04-016;Старое TD04-063;2;6 808,00;1
TD04-018;;1;6 808,00;
TD04-019;;1;6 642,00;1
TD04-022;;4;6 642,00;1
TD04-026;;2;5 812,00;1
TD04-036R;;1;6 808,00;1
TD04-038;;2;6 476,00;1
TD04-046;;1;6 476,00;1
TD04-048;;1;5 978,00;1
TD04-049;;3;8 635,00;1
TD04-051B;;1;7 804,00;1
TD04-066;;2;5 812,00;1
TD04-073;;2;6 974,00;1
TD04-083;;2;6 808,00;1
TD04-087;;1;7 140,00;1
TD04-096;;2;6 808,00;1
TD04-099;;1;6 974,00;1
TD04-109BR;;2;7 472,00;1
TD04-112B;;2;7 970,00;
TN-TD04-119;;2;8 801,00;
TD04-138BR;;1;8 136,00;1
TD04-VG1;;2;6 974,00;1
TD04-VG13;;1;8 801,00;1
TD04-VG4;;3;8 469,00;1
TD04-VG5;;3;6 974,00;1
TD04-VG6;;2;8 635,00;1
TD04-VG8;;2;8 303,00;
TD04-VG9;;3;8 136,00;1
TD05-001;;2;7 970,00;1
TD05-002R;Старое TD05-014;3;8 469,00;1
TD05-004;;2;6 642,00;1
TD05-025;;1;7 306,00;1
TF035-000;;2;5 978,00;1
TF035-002;;3;5 314,00;1
TF035-008;;1;5 812,00;1
TF035-016;;2;5 480,00;1
TF035-018;;1;6 476,00;1
TF035-029;;2;5 314,00;1
TF035-030;;2;5 646,00;1
TF035-VG1;;1;6 144,00;1
TF035-VG10BR;;4;6 476,00;1
TF035-VG12B;;2;7 306,00;1
TF035-VG13;;1;7 804,00;1
TF035-VG5;;1;6 642,00;1
TF035-VG6B;;2;6 974,00;1
AC-BM002;;1;1 827,00;
AC-BM003-1e;;3;9 631,00;1
AC-BW007;;1;1 744,00;
AC-BW008;;1;1 910,00;1
AC-BW008-1;;1;1 744,00;
AC-BW009;;1;1 528,00;1
AC-BW038e;;1;6 642,00;1
AC-Co001e;;2;8 801,00;1
AC-CZ002;;6;1 362,00;1
AC-CZ002-1;;4;1 661,00;1
AC-G024;;1;1 245,00;
AC-G037;;1;1 661,00;1
AC-G037-2;;2;1 594,00;1
AC-G043;;2;1 245,00;1
AC-G054;;1;1 827,00;1
AC-G065;;2;1 661,00;
AC-G072;;2;1 827,00;1
AC-G076;;1;1 494,00;
AC-G082;;1;1 827,00;
AC-G084;;1;1 827,00;1
AC-G084-1ev;;4;1 312,00;1
AC-G085;;1;1 328,00;
AC-G088;;1;1 428,00;
AC-G112;;1;1 577,00;1
AC-G112-2;;1;1 577,00;
AC-G147-1ev;;1;3 487,00;
AC-G150-2eh;;1;4 317,00;1
AC-G150eh;;5;3 819,00;1
TBS-78HA-1899;;1;3 155,00;1
AC-G209;;1;1 494,00;
AC-G216-2e;;3;4 649,00;
AC-G222eh;;2;7 472,00;
AC-G225eh;;2;4 317,00;
AC-G228eh;;1;7 638,00;1
AC-G231eh-GB;;1;5 978,00;
AC-G234-1eh;;1;8 136,00;
AC-G244eh;;2;4 317,00;1
AC-G245-1eh;;1;7 472,00;1
AC-G246eh;;2;8 469,00;
AC-G247eh;;1;8 469,00;1
AC-G250eh;;2;4 317,00;1
AC-G258eh;;1;7 306,00;
AC-G261eh;;2;7 804,00;1
AC-G262eh;;1;7 804,00;1
AC-G393eh;AC-G263-1eh;2;7 804,00;
AC-G263eh;;1;7 306,00;1
AC-G266e;;2;4 982,00;1
AC-G267-1e;;2;5 646,00;1
AC-G267-2ev;;1;3 487,00;
AC-G275-1ev;;2;3 072,00;
AC-G275e;;1;5 480,00;1
AC-G276e;;2;10 627,00;
AC-G292eh;;1;4 649,00;1
AC-G294eh;;1;4 400,00;1
AC-G296-1ev;;2;1 993,00;1
AC-G296e;Старое AC-G273e;2;5 148,00;1
AC-G299e;;1;5 314,00;
AC-G301e;;1;5 314,00;1
AC-G302eh;;1;7 804,00;1
AC-G303eh;;1;8 136,00;
AC-G310-1e;;1;5 978,00;
AC-G322eh;;1;8 303,00;
AC-G323;;1;1 827,00;1
AC-G346eh;;1;5 978,00;1
AC-G380e;;2;11 956,00;1
AC-G383eh;;3;4 483,00;1
AC-G385-1eh;;1;6 808,00;
AC-G385eh;;1;6 642,00;
AC-G387eh;;1;7 306,00;
AC-G388eh;;1;4 317,00;
AC-G389-1eh;;2;5 148,00;
AC-G392eh;;1;8 136,00;1
AC-G394eh;;3;7 140,00;1
AC-G397eh;;1;7 804,00;
AC-G398eh;;1;8 136,00;
AC-G403eh;;1;7 804,00;1
AC-G404eh;;1;5 978,00;1
AC-G419-1ev;;1;2 325,00;
AC-G261-1eh;AC-G424eh;1;7 306,00;
AC-G481eh;;1;4 317,00;1
AC-G505eh;;1;3 985,00;1
AC-G509e;;2;10 295,00;1
AC-G516eh;;2;7 638,00;1
AC-G517eh;;1;7 140,00;1
AC-G522eh;;1;8 303,00;
AC-G533eh;;1;6 310,00;
AC-G537eh;;1;7 638,00;1
AC-G689e;Заменили на AC-G690e;2;8 469,00;
AC-G717eh;;1;4 982,00;
AC-G732e;;1;7 970,00;
AC-H002;;3;1 196,00;1
AC-H003;;1;1 196,00;
AC-H004;;1;1 661,00;1
AC-H007;;2;5 646,00;1
AC-H008;;1;6 310,00;1
AC-H015-1e;;1;66 420,00;
AC-H015-2e;;1;66 420,00;
AC-H015e;;1;63 929,00;
AC-H028;;2;1 279,00;1
AC-H034;;2;1 362,00;1
AC-H073-1e;;1;63 929,00;
AC-I006;;1;2 242,00;
AC-I008;;1;1 993,00;1
AC-I021;;2;1 328,00;
AC-I026;;1;1 577,00;1
AC-I038;;3;1 179,00;1
AC-I040-1ev;Старое AC-I093-1e/ AC-G276-1ev;1;1 744,00;1
AC-I073-1ev;;2;2 408,00;1
TN-AC-I073-2e-1;06k145612e/68mm;1;8 219,00;
TN-AC-I074-1e;;1;7 472,00;
AC-I078;;2;2 242,00;1
AC-I085e;;2;10 129,00;1
AC-I091-1;;1;1 362,00;1
AC-I097;Старое AC-I091-3;4;1 328,00;1
AC-I162-1ev;;2;1 993,00;1
AC-I162-2;;2;1 328,00;1
AC-I166e;;1;7 804,00;
AC-K005;;1;5 480,00;
AC-K011;;2;1 494,00;1
AC-K013;;4;1 910,00;1
AC-K015-1e;;2;4 982,00;1
AC-K043e;;1;5 646,00;1
AC-K067;;1;1 494,00;1
AC-K041;Старое AC-K080,AC-K079;2;1 411,00;1
AC-K083;;1;1 594,00;1
AC-K085;;4;1 162,00;1
AC-K085-2ev;;2;1 245,00;1
AC-K099e;;1;10 129,00;1
AC-K103;;4;1 162,00;
AC-K103-1ev;AC-K067-1ev / AC-K299-2ev;2;830,00;1
AC-K105eh;;4;8 136,00;
AC-K106eh;;2;7 472,00;1
AC-K110;;2;2 690,00;
AC-K111e;;1;6 476,00;1
AC-K112;;1;2 657,00;
AC-K113eh;;2;7 306,00;
AC-K117e;;2;6 476,00;1
AC-K122e;;1;5 812,00;
AC-K132e;;2;5 148,00;1
AC-K134-1ev;;1;996,00;1
AC-K136-2ev;;2;1 096,00;1
AC-K143-1e;;2;16 605,00;
AC-K146;;2;1 611,00;
AC-K158eh;;1;4 483,00;1
TN-AC-K195-1e;;1;14 114,00;
AC-K195e;;1;13 118,00;1
AC-K199eh;;1;5 314,00;
AC-K202e;;1;6 974,00;
AC-K217eh;;1;9 963,00;1
AC-K234e;;1;6 642,00;1
AC-KA001;;1;1 096,00;1
AC-KA004;;2;1 494,00;
AC-M001;;1;1 661,00;
AC-M006;;1;1 196,00;1
AC-M018;;1;2 325,00;1
AC-M019;;2;1 245,00;1
AC-M024;;1;1 461,00;
AC-M027;;1;1 827,00;
AC-M031;;1;1 411,00;1
AC-M038;;1;1 411,00;1
AC-M060;;4;2 325,00;1
AC-M069;;1;1 362,00;1
AC-M070e;;1;4 317,00;
AC-M074;;1;1 494,00;1
AC-M082-1ev;;2;3 819,00;
AC-M090e;;1;5 314,00;1
AC-M093e;;1;6 974,00;1
AC-M121eh;;1;7 140,00;1
AC-M123;;1;1 196,00;1
AC-M168;;1;2 823,00;1
AC-M198;;2;1 245,00;
TN-AC-M219e;;2;7 472,00;
AC-S018;;1;2 823,00;
AC-S029;;1;1 494,00;1
AC-S030;;2;1 494,00;1
AC-S030-1;;1;1 577,00;1
AC-S037;;1;1 744,00;1
AC-S038;;1;1 910,00;1
AC-T013;;1;1 827,00;
AC-T016;;1;1 345,00;
AC-T017;;1;1 113,00;
AC-T024e;;2;7 140,00;1
AC-T025e;;1;7 472,00;1
TN-EAI-002;;19;1 494,00;
TNHL-EAI-003;D;10;1 661,00;1
TNHL-EAM-002S;B;4;2 325,00;1
TNHL-EAM-004;D;7;2 989,00;1
TNHL-EAW-001;;25;1 162,00;1
CW-0005-1;;1;614,00;
CW-0012;;2;830,00;
CW-0017-13;;2;913,00;
CW-0017-15;;2;913,00;1
CW-0017-22;;2;913,00;
CW-0019;CW-0060,CW-0107,CW-0120-1;2;482,00;1
CW-0020;CW-0123,CW-0075,CW-0930;2;498,00;
CW-0021;;2;648,00;1
CW-0026-1;;1;830,00;1
CW-0027;;4;531,00;1
CW-0028-1;;2;548,00;1
CW-0037;;1;482,00;1
CW-0057;Старое CW-0653;1;614,00;
CW-0059;старое CW-0343,CW-0234;2;482,00;1
CW-0064;;1;614,00;
CW-0070;;2;614,00;1
CW-0073;;1;548,00;1
CW-0076;;1;581,00;
CW-0077;;1;581,00;1
CW-0079;;1;565,00;
CW-0084;;1;681,00;
CW-0090;;1;996,00;
CW-0098;;1;648,00;1
CW-0100;;1;581,00;
CW-0101-1;;1;498,00;
CW-0104;;2;614,00;
CW-0121;;1;648,00;
CW-0121-1;Старое CW-0082-1;1;648,00;1
CW-0122;;1;581,00;
CW-0124;;2;614,00;
CW-0134;;2;614,00;
CW-0143;;1;581,00;
CW-0165;;2;531,00;1
CW-0167-1;;1;581,00;
CW-0171;;1;648,00;1
CW-0176;;1;614,00;1
CW-0184-2B;;1;4 815,00;
CW-0187;;1;548,00;
CW-0189;старое CW-0357,CW-0329;2;614,00;
CW-0191;;2;1 328,00;
CW-0196;;1;648,00;
CW-0198;CW-0364,CW-0372,CW-0391;2;648,00;1
CW-0208;;1;1 162,00;
CW-0212-1;;1;581,00;1
CW-0220;;1;648,00;
CW-0220-3;;3;548,00;
CW-0222;;2;531,00;1
CW-0227;;7;531,00;1
CW-0228;;1;548,00;
CW-0229;;5;581,00;1
CW-0242;;2;581,00;
CW-0247;Старое CW-0220-1;1;648,00;
CW-0257;;2;1 245,00;
CW-0258;;3;581,00;1
CW-0267-1;;1;648,00;1
CW-0268;;1;1 245,00;1
CW-0274;;1;2 325,00;
CW-0275;;1;2 657,00;1
CW-0279;;2;614,00;1
CW-0294;;1;531,00;
CW-0297;;7;747,00;1
CW-0303;;1;548,00;1
CW-0303-1;;1;614,00;
CW-0305;;1;1 245,00;
CW-0309;;2;1 494,00;1
CW-0319;;2;1 328,00;1
CW-0320;CW-0506B;2;531,00;
CW-0323;;1;565,00;
CW-0324;;1;548,00;
CW-0325;;1;1 827,00;1
CW-0337;;1;2 491,00;1
CW-0342;;3;614,00;
CW-0348;;2;581,00;
CW-0354;;1;614,00;1
CW-0355;;1;581,00;1
CW-0361;;1;664,00;
CW-0367;;1;565,00;1
CW-0368;;3;581,00;1
CW-0368-2B;;2;1 661,00;1
CW-0375;;2;581,00;1
CW-0397;;1;648,00;1
CW-0398;;1;581,00;1
CW-0410;;1;996,00;
CW-0413;;1;548,00;1
CW-0416;S2B;5;747,00;1
CW-0420;;2;548,00;1
CW-0422;CW-0629;2;548,00;1
CW-0423;;1;614,00;
CW-0432;;3;913,00;1
CW-0436;;1;1 245,00;1
CW-0443;;1;548,00;
CW-0444;;5;1 162,00;
CW-0448;90-14 ,CW-1434;4;1 328,00;1
CW-0449;;1;648,00;1
CW-0461;;2;648,00;1
CW-0462;;1;1 328,00;
CW-0473;;1;614,00;1
CW-0488;;2;548,00;1
CW-0492;;1;548,00;1
CW-0496;;1;614,00;1
CW-0500;;1;581,00;1
CW-0503;;2;581,00;1
CW-0507;;2;614,00;
CW-0510-1;;1;614,00;1
CW-0517;;2;548,00;1
CW-0519;;1;531,00;1
CW-0524;;1;1 162,00;
CW-0527;;1;1 328,00;
CW-0531;TKP7C6;3;648,00;1
CW-0532;;2;681,00;
CW-0538;;1;614,00;
CW-0548;;1;1 328,00;
CW-0557-1;;2;581,00;
CW-0563-3;;4;614,00;
CW-0564;;1;1 411,00;1
CW-0567;;1;1 328,00;1
CW-0568-1;;2;1 328,00;1
CW-0568-9B;;2;5 480,00;
CW-0569;;2;1 245,00;1
CW-0570;;4;1 295,00;1
CW-0572;;2;614,00;1
CW-0588;;1;614,00;1
CW-0589-1;;1;565,00;1
CW-0592-1;;1;1 993,00;1
CW-0594;;1;1 494,00;
CW-0596;;1;1 494,00;1
CW-0603;;1;1 328,00;
CW-0605;;2;1 494,00;1
CW-0623;;4;681,00;1
CW-0624;;1;830,00;1
CW-0633;;1;614,00;
CW-0636;;2;1 162,00;
CW-0642;;1;747,00;
CW-0643;;1;648,00;
CW-0654;;1;614,00;1
CW-0660;;2;515,00;1
CW-0661;;1;614,00;
CW-0666;;1;614,00;1
CW-0667;;2;565,00;1
CW-0668;;1;614,00;
CW-0675-1;;2;1 411,00;1
CW-0675-2B;;4;3 653,00;1
CW-0676-1;;1;515,00;
CW-0678-3;Старое CW-0678-1;1;614,00;
CW-0687;;2;797,00;
CW-0693;;1;731,00;
CW-0694;;1;731,00;
CW-0701;;1;614,00;
Колесо CZ №721(рефон);;1;;1
CW-0728;;1;614,00;1
CW-0735;;1;565,00;1
CW-0754-1;;5;1 245,00;1
CW-0754B;;2;4 982,00;1
CW-0758;;1;697,00;1
CW-0773-1;;2;648,00;1
CW-0773B;;1;1 411,00;
CW-0776-1;;2;996,00;1
CW-0776B;;1;3 155,00;
CW-0779;;2;648,00;1
CW-0780;;2;614,00;1
CW-0781;;2;664,00;1
CW-0783-1;;1;648,00;
CW-0784-1;;1;614,00;
CW-0810;;2;581,00;1
CW-0816;;2;1 079,00;
CW-0819;;1;1 993,00;1
CW-0828;;1;648,00;1
CW-0830;;1;1 162,00;1
CW-0831;;1;614,00;
CW-0831-1R;;2;614,00;1
CW-0833-2;;1;2 159,00;
CW-0835-1;;2;614,00;1
CW-0839;;1;1 162,00;1
CW-0845;;1;1 328,00;
CW-0847;;2;1 328,00;1
CW-0849;;1;664,00;1
CW-0851;;2;1 162,00;1
CW-0860;;1;1 328,00;
CW-0864;K27-145,;2;747,00;1
CW-0871B;;1;1 993,00;1
CW-0900-1;;7;2 076,00;1
CW-0906-1;;2;581,00;1
CW-0916;;1;1 827,00;
CW-0925-1;;2;648,00;
CW-0927B;;1;2 325,00;
CW-0938-1;;2;1 328,00;1
CW-0945;;1;830,00;
CW-0975-1;;1;1 993,00;
CW-0996;;2;731,00;1
CW-0997-1;;1;830,00;
CW-1011R;;1;664,00;1
CW-1019B;;2;1 494,00;1
CW-1058;;2;581,00;1
CW-1085-1;;1;614,00;1
CW-1111B;;1;6 310,00;
CW-1118-1R;;2;581,00;
CW-1119-1R;;1;581,00;1
CW-1125-1;;2;581,00;1
CW-1127-1;;2;1 328,00;
CW-1136-1;;1;581,00;
CW-1149;;1;648,00;1
CW-1150-1R;;1;648,00;
CW-1152-1;;1;581,00;
CW-1152B;;1;1 079,00;
CW-1155;;1;581,00;
CW-1156-1;;1;581,00;1
CW-1156B;;1;1 993,00;
CW-1178;;1;581,00;
CW-1204-1B;;1;2 491,00;1
CW-1222;TKP50;1;681,00;1
CW-1226-1;11658570083;1;614,00;1
CW-1274-1;;1;648,00;
CW-1274B;;2;913,00;1
CW-1279;;1;565,00;1
CW-1280;;1;664,00;1
CW-1284B;;6;1 328,00;1
CW-1285B;;1;2 823,00;
CW-1289;;1;996,00;1
CW-1306-1;;1;681,00;1
CW-1310;;1;681,00;
CW-1311;;2;764,00;
CW-1312;;4;1 328,00;
CW-1317;;1;581,00;1
CW-1319-1;;1;648,00;
CW-1319B;;1;1 328,00;1
CW-1320-1;Старое CW-1205-1;1;664,00;1
CW-1369-1;;2;1 577,00;
CW-1374B;;1;1 494,00;1
CW-1391;;1;714,00;1
CW-1412-1;;1;681,00;
CW-1416;;1;681,00;
CW-1417-1;;16;681,00;1
CW-1418B;;1;1 993,00;1
CW-1435-1;;1;1 079,00;1
CW-1437;;3;1 079,00;
CW-1438;TKP80.15.13;4;913,00;1
CW-1441-1;;2;614,00;1
CW-1449-1;;1;1 295,00;
CW-1467B;;1;996,00;
CW-1473;;1;913,00;1
CW-1474;;5;664,00;1
CW-1518;;1;681,00;1
CW-1519-1;;1;681,00;
CW-1519R;;1;681,00;1
CW-1521BR;;1;1 661,00;
CW-1530BR;;2;1 661,00;
CW-1538;;2;1 827,00;1
CW-1576;;1;614,00;
CW-1609-1;;4;1 661,00;1
CW-1611BR;;1;1 827,00;
CW-1640-1;С13-267,C13-297,53443.111;3;664,00;1
CW-1640B;С13-267,C13-297,53443.111;6;1 993,00;1
CW-1649;;1;681,00;
CW-1658B;;1;1 827,00;
CW-1688B;;1;996,00;
CW-1709B;;2;1 827,00;1
CW-1714;;1;996,00;1
CW-1718-2;;4;1 079,00;1
CW-1719B;;5;2 325,00;
CW-1749B;;1;3 155,00;
CW-1768B;;1;1 993,00;
CW-1881B;;1;1 827,00;1
Колесо ТКР80;;1;963,00;1
PR-032;;20;116,00;1
TH-BM002;;1;5 978,00;1
TH-BM006MS;;1;9 797,00;
TH-BW015;;4;4 982,00;
TH-BW038;;1;6 310,00;1
TNHL-TH-Co001M;чугун водяной;1;23 745,00;1
TH-G023;;1;3 238,00;1
TH-G056M;;1;9 465,00;1
TH-G058MS;;1;10 295,00;
TH-G086;;2;5 480,00;
TH-G121S;;2;3 653,00;1
TH-G138;;1;3 902,00;1
TH-G143;;2;3 321,00;1
TH-G146MS;;8;5 231,00;1
TH-G148;;2;3 653,00;1
TH-G154S;;2;3 155,00;1
TH-G221S;;1;4 483,00;1
TH-G223S;;2;4 815,00;1
TH-G234S;;1;4 982,00;1
TH-G252S;;1;3 985,00;1
TH-G346;;1;4 151,00;1
TH-G349;;1;3 653,00;
TH-G352S;;1;5 148,00;
TH-G395;;2;2 989,00;1
TH-G395-1;;1;2 989,00;1
TH-G396;;1;3 404,00;
TH-G528;11658570083;1;4 317,00;1
TH-G585;;3;3 653,00;1
TH-H040;;1;6 144,00;1
TH-H073;;3;5 895,00;1
TH-I005;;1;3 819,00;1
TH-I012;;2;2 823,00;1
TH-I016S;;2;5 978,00;1
TH-I031;;1;2 989,00;
TH-I032S;;6;4 483,00;1
TH-I033S;;2;4 483,00;1
TH-I034S;;8;4 649,00;1
TH-I044MS;;2;8 469,00;1
TH-I047MS;;3;8 303,00;1
TH-I049-1MS;;1;11 125,00;1
TH-I049MS;;1;11 125,00;1
TH-I134;;2;8 303,00;1
TH-I134-1S;;4;8 303,00;1
TH-I136MS;;3;9 963,00;1
TH-I154M;;2;12 454,00;1
TN-TH-I169-1M;a2760901480;3;14 945,00;1
TH-K001S;;4;2 740,00;1
TH-K002;;4;3 902,00;1
TH-K012;;2;5 314,00;1
TH-K013;;3;2 823,00;1
TH-K014;;3;4 068,00;1
TH-K020MS;;2;9 465,00;1
TH-K022MS;с крутилкой;2;10 793,00;1
TH-K032MS;;2;9 963,00;
TH-K034MS;;2;9 797,00;1
TH-K035MS;;2;7 472,00;1
TH-K036-2M;;5;10 378,00;1
TH-K039MS;;1;11 042,00;1
TH-K040S;;3;3 321,00;
TH-K041S;;5;4 151,00;1
TH-K042;;1;5 148,00;
TH-K049-1MS;;4;10 710,00;1
TH-K054-1;Старый TH-K297-1;1;8 469,00;1
TH-K058S;;1;3 653,00;1
TH-K060S;;2;4 483,00;1
TH-K061MS;;1;9 465,00;1
TH-K062;;4;4 068,00;1
TH-K066;;1;3 487,00;
TH-K088S;;1;3 985,00;1
TH-K109S;;2;4 317,00;
TH-K146;;1;3 819,00;1
TH-K157S;;1;5 646,00;1
TH-K189;;1;8 635,00;1
TH-M005;;1;3 155,00;
TH-M006;;1;3 985,00;1
TH-M017;;1;3 985,00;1
TH-M020MS;;1;14 778,00;1
TH-M021-3MS;;1;14 778,00;
TH-M024S;Старый TH-M069;1;3 155,00;1
TH-M026S;;1;2 989,00;1
TH-M028;;2;2 740,00;1
TH-M030S;;1;4 317,00;1
TH-M039S;;2;3 487,00;
TH-M040MS;;5;9 299,00;1
TH-M048;;1;4 649,00;
TH-M075S;;1;7 140,00;1
TH-M103S;;1;5 812,00;1
TH-M106S;;1;5 148,00;1
TH-M223M;;1;14 945,00;1
TH-T006;;1;3 321,00;1
TH-T007S;;1;3 819,00;
TH-T013;;2;7 306,00;1
TH-T015-1;;2;4 151,00;
JB-K001;;9;216,00;1
TW-0002;;2;1 627,00;1
TW-0006;;2;2 325,00;1
TW-0009;;2;2 740,00;
TW-0014-1;;5;3 321,00;1
TW-0015;;2;3 653,00;
TW-0017;;2;3 653,00;1
TW-0031;Старое TW-0727;2;1 577,00;1
TW-0032-1;Старое TW-0436;1;1 910,00;1
TW-0033;;1;3 819,00;
TW-0034;;2;3 985,00;1
TW-0036;;2;1 993,00;
TW-0037;;1;2 491,00;1
TW-0038;;3;1 577,00;
TW-0051;;1;1 661,00;1
TW-0053;;2;1 661,00;
TW-0062;;4;1 494,00;1
TW-0065;;2;5 314,00;1
TW-0066;;1;6 310,00;1
TW-0067;;2;8 303,00;
TW-0072;;2;2 491,00;1
TW-0073;;1;3 155,00;
TW-0077;;2;3 653,00;1
TW-0082;;1;3 819,00;
TW-0083-2;;1;1 661,00;1
TW-0084;;3;2 325,00;1
TW-0092;;1;2 159,00;1
TW-0096;;1;2 325,00;
TW-0097;;1;1 827,00;
TW-0101;;1;2 989,00;
TW-0114-5;;2;2 989,00;
TW-0116;;2;3 487,00;
TW-0122;;1;2 242,00;
TW-0125;;1;6 974,00;1
TW-0126;;3;2 159,00;1
TW-0128;;1;2 159,00;1
TW-0129;;2;1 744,00;
TW-0144;;1;4 483,00;1
TW-0156-1;;2;1 993,00;
TW-0165;;3;3 487,00;
TW-0168-1;;1;7 140,00;1
TW-0174;;1;2 242,00;
TW-0179;;5;3 985,00;1
TW-0182;;1;2 325,00;1
TW-0183;;1;2 408,00;
TW-0195;;2;5 812,00;1
TW-0199-1;90-14;3;5 812,00;1
TW-0201;;2;1 577,00;
TW-0202;;2;1 494,00;1
TW-0203;;1;2 408,00;1
TW-0209;;2;5 812,00;
TW-0209-1;;1;5 812,00;1
TW-0213-1;;4;3 819,00;1
TW-0218;;1;2 325,00;
TW-0231;;1;2 325,00;
TW-0240;;1;6 144,00;
TW-0241;;1;4 151,00;
TW-0244;Старое TW-0638;1;3 321,00;1
TW-0248;;2;4 649,00;1
TW-0253;;1;5 812,00;1
TW-0254;;2;6 144,00;1
TW-0256;;2;2 408,00;
TW-0257;C14,;2;2 574,00;1
TW-0298;TW-0361;2;1 661,00;1
TW-0299;;2;3 819,00;1
TW-0301;K27-145,;1;3 819,00;1
TN-TW-0302;;2;9 299,00;1
TW-0306;;2;1 661,00;1
TW-0308;;2;3 985,00;1
TW-0310;;3;9 465,00;
TW-0315-1;;1;6 310,00;1
TW-0316;;1;6 808,00;
TW-0319;;1;4 151,00;
TW-0320-1;;1;3 155,00;
TW-0321;;1;6 808,00;1
TW-0325;;2;2 325,00;
TW-0336;;1;1 827,00;1
TW-0336-2R;;1;1 910,00;1
TW-0337;;1;2 491,00;
TW-0339;;7;1 661,00;1
TW-0341;;2;1 993,00;1
TW-0343;;1;1 910,00;
TW-0356;;2;2 574,00;
TW-0361;TW-0298;1;1 661,00;
TW-0366;;2;1 993,00;1
TW-0373;;1;7 140,00;
TW-0377;;1;2 408,00;1
TW-0387;;2;2 159,00;1
TW-0393;;3;2 325,00;1
TW-0395;;2;1 494,00;1
TW-0395-1;;1;1 661,00;
TW-0396;;1;2 325,00;1
TW-0398;;1;2 325,00;
TW-0399;;1;2 823,00;
TW-0399-1;;5;2 657,00;1
TW-0403;;1;1 993,00;1
TW-0404;;1;2 325,00;1
TW-0407;;1;2 325,00;1
TW-0408;;2;2 325,00;
TW-0410;;2;2 325,00;
TW-0420;;1;1 827,00;1
TW-0422;;3;1 993,00;1
TW-0432;;1;2 325,00;
TW-0436;Заменен на TW-0032-1;1;2 325,00;
TW-0439;;2;2 325,00;1
TW-0440;;2;6 476,00;1
TW-0442;Старое TW-0586;2;1 993,00;
TW-0447;;1;1 827,00;1
TW-0449;;2;1 910,00;1
TW-0469;;2;2 325,00;1
TW-0471;;1;2 491,00;
TW-0482;;3;2 076,00;1
TW-0485;;1;2 823,00;
TW-0486;;1;2 159,00;1
TW-0489;;1;2 657,00;
TW-0490;;4;1 827,00;1
TW-0496;;1;3 819,00;
TW-0501;;1;2 491,00;
TW-0502;;1;2 325,00;
TW-0509;;2;2 242,00;
TW-0512;;1;2 325,00;
TW-0513;;2;1 661,00;1
TW-0514;;2;1 661,00;1
TW-0528;;2;6 642,00;1
TW-0533;;3;2 242,00;1
TW-0534R;;1;2 989,00;
TW-0541;;2;14 945,00;1
TW-0541-1;;2;19 926,00;1
TW-0542;;2;12 454,00;1
TW-0543;;1;4 815,00;
TW-0544;;1;32 048,00;1
TW-0547;;1;22 417,00;1
TW-0555-1;;2;2 989,00;1
TW-0555-3FB;;5;2 989,00;1
TW-0564;;1;2 325,00;
TW-0569;;1;2 159,00;
TW-0581;;1;2 325,00;1
TW-0591;;1;1 827,00;1
TW-0592;;1;2 159,00;1
TW-0593;;3;2 325,00;1
TW-0607;;1;2 159,00;
TW-0608;;1;4 317,00;
TW-0613;;1;2 159,00;1
TW-0619;;1;6 974,00;
TW-0625;;2;2 076,00;1
TW-0636;;2;3 653,00;1
TW-0637-1;;2;7 306,00;1
TW-0638;Заменен на TW-0244;2;3 321,00;
TW-0644;;2;1 827,00;1
TW-0646R;;2;2 408,00;
TW-0651;;1;2 325,00;1
TW-0652;;1;2 491,00;
TW-0656;;2;2 491,00;
TW-0659;;10;5 812,00;1
TW-0661;;2;6 476,00;1
TW-0662;;1;7 140,00;1
TW-0664;;2;5 812,00;1
TW-0670;;1;2 491,00;
TW-0674;;2;2 657,00;1
TW-0675;;2;4 483,00;
TW-0676;;1;2 159,00;1
TW-0685;;2;2 325,00;1
TW-0687;;2;1 744,00;1
TW-0687-1R;;1;1 993,00;1
TW-0689;;1;2 159,00;
TW-0700R;;2;2 491,00;1
TW-0701;;1;5 812,00;1
TW-0710;;5;2 491,00;1
TW-0722;;1;2 325,00;
TW-0736;;2;1 577,00;1
TW-0738;;2;2 076,00;1
TW-0742;;1;2 325,00;
TW-0743;TW-0752;2;3 819,00;
TW-0745;;3;6 476,00;1
TW-0746;;1;3 155,00;1
TW-0750;;1;2 491,00;1
TW-0755R;;1;1 993,00;
TW-0756R;;1;1 661,00;1
TW-0763-1;;2;2 076,00;1
TW-0766;;1;3 985,00;
TW-0771;;2;2 325,00;
TW-0777;;2;3 653,00;1
TW-0780;;2;3 155,00;1
TW-0784;;1;2 325,00;
TW-0786;;1;2 491,00;1
TW-0798;;2;1 827,00;1
TW-0802R;;2;1 661,00;1
TW-0805;;2;10 793,00;1
TW-0812;;1;2 325,00;
TW-0814;;2;2 325,00;1
TW-0820;;1;1 494,00;
TW-0821;;1;1 827,00;1
TW-0822;;1;1 827,00;1
TW-0823-1;;2;2 491,00;1
TW-0825;;1;2 325,00;
TW-0826;;2;3 819,00;1
TW-0828;;1;2 076,00;
TW-0832;;1;6 310,00;1
TW-0833R;;2;2 159,00;1
TW-0835R;;1;1 993,00;1
TW-0845;;2;2 325,00;1
TW-0849;;2;2 325,00;1
TW-0849-1;;1;2 325,00;1
TW-0868;;1;2 408,00;
TW-0870;;1;1 827,00;1
TW-0877;;1;4 815,00;
TW-0879;;1;8 635,00;
TW-0887;;2;9 465,00;1
TW-0902;;1;2 491,00;
TW-0906;TKP50;2;2 491,00;
TW-0908;11658570083;2;2 159,00;1
TW-0930;;2;2 657,00;
TW-0942;;1;2 242,00;1
TW-0954;;2;4 982,00;
TW-0957;;2;2 325,00;1
TW-0958;;3;6 642,00;1
TW-0967;;1;3 653,00;
TW-0981;;2;2 159,00;
TW-0982R;;1;2 159,00;1
TW-0983;;4;2 325,00;1
TW-1006;;2;2 325,00;1
TW-1010;;2;2 408,00;1
TW-1021;;2;3 985,00;1
TW-1022;;3;6 144,00;
TW-1025;TKP80.15.13;5;3 653,00;1
TW-1026;;5;7 970,00;
TW-1029;;1;2 325,00;1
TW-1036;;2;4 699,00;1
TW-1037;;1;5 148,00;1
TW-1039;;10;2 657,00;1
TW-1040;;3;6 476,00;1
TW-1041;;1;8 967,00;1
TW-1042;;1;4 151,00;1
TW-1046R;;1;2 325,00;
TW-1073-1R;;2;2 657,00;1
TW-1083;;6;3 321,00;1
TW-1097;;3;2 325,00;1
TW-1098;;1;2 325,00;1
TW-1102R;;1;2 491,00;
TW-1110;;1;4 151,00;
TW-1116R;;1;2 491,00;1
TW-1135;;2;3 487,00;1
TW-1168;С13-267,C13-297,53443.111;3;2 491,00;1
TW-1175;;1;2 325,00;1
TW-1188;;1;1 661,00;
TW-1195;;1;4 483,00;
TW-1200;;3;4 151,00;1
TW-1203R;;2;2 491,00;
TW-1206;;5;2 657,00;1
TW-1227;;1;2 657,00;
TW-1276;;1;5 314,00;1
TW-1277;;1;2 408,00;
TW-1288;;2;8 469,00;1
TW-1329R;;1;2 159,00;1
GK-0158;;8;149,00;
GK-0161;;9;365,00;1
GK-0187;;2;498,00;1
GK-0680;;2;332,00;
GK-0684;;1;996,00;
GK-0702;;1;1 245,00;1
GK-0761;;7;315,00;1
GK-0927;;1;249,00;1
VG9-7a;;40;249,00;1
RK-BM2-1R;;2;1 561,00;1
RK-BW1-1;;17;1 744,00;1
RK-BW10-1;;6;1 627,00;1
RK-BW10-2;;1;1 611,00;
RK-BW2-1;;3;1 744,00;1
RK-BW2-3;;1;1 827,00;1
RK-BW2-4;;2;1 943,00;1
RK-BW2-5;;2;2 590,00;
RK-BW4-1R;;2;1 694,00;1
RK-BW4-2;;2;1 577,00;1
RK-BW4-4R;;2;1 494,00;1
RK-BW4-5R;;1;1 544,00;1
RK-BW4-6;;2;1 577,00;
RK-BW4-8;;1;1 362,00;
RK-BW6-1;;2;1 113,00;1
RK-BW7-2R;;2;1 212,00;
RK-C1-1;;1;1 245,00;1
RK-C2-1;K27-145,;2;1 196,00;1
RK-C3-1;;3;1 661,00;1
RK-C4-1;;4;1 212,00;
RK-C5-1;С13-267,C13-297,53443.111;2;1 694,00;1
RK-G1-2;;2;913,00;
RK-G10-2;;2;1 245,00;1
RK-G11-1;;2;1 362,00;
RK-G12-1;;3;1 245,00;
RK-G13-1;;1;1 212,00;1
RK-G13-4;;2;1 245,00;1
RK-G13-5R;;1;1 295,00;1
RK-G14-1;;2;1 411,00;
RK-G18-1;;5;2 408,00;
RK-G19-1;;5;913,00;1
RK-G19-11;;1;996,00;1
RK-G19-4-1;;2;913,00;1
RK-G19-5;;2;963,00;
RK-G2-3;;2;1 827,00;1
RK-G23-1;;2;1 279,00;1
RK-G23-3;;2;1 428,00;1
RK-G24-1;;1;2 524,00;
RK-G24-2;;2;2 524,00;1
RK-G24-5;;1;1 577,00;
RK-G25-3;;3;2 906,00;1
RK-G25-4;;3;2 790,00;1
RK-G27-1;;1;12 454,00;1
RK-G27-2;;1;12 952,00;1
RK-G3-1;;1;830,00;1
RK-G3-1-1;;2;863,00;1
RK-G4-5;;2;913,00;1
RK-G43-3;;1;1 661,00;1
RK-G44-1R;;1;1 129,00;1
RK-G47-2;;1;963,00;
RK-G48-8;;1;1 212,00;
RK-G5-3;;2;913,00;1
RK-G5-3-1;;19;863,00;1
RK-G5-3-3;;19;1 013,00;1
RK-G5-4;;1;1 196,00;
RK-G5-6;;3;1 079,00;1
RK-G51-2;;6;2 408,00;1
RK-G54-1;;1;996,00;1
RK-G6-1;;1;1 577,00;
RK-G8-1;;1;1 030,00;
RK-G8-3-1;;1;1 577,00;1
RK-G9-2;;3;2 325,00;
RK-G9-3;;10;1 694,00;1
RK-H11-1;;6;1 179,00;1
RK-H11-1-1;3597659;2;1 212,00;1
RK-H11-2;;4;1 694,00;1
RK-H13-1;;3;1 993,00;1
RK-H14-1;;4;1 196,00;1
RK-H14-2;;2;1 577,00;1
RK-H15-3;;4;1 943,00;
RK-H16-1;;4;1 910,00;1
RK-H16-2;;2;1 860,00;1
RK-H16-3;;3;2 076,00;1
RK-H18-1;;1;1 245,00;
RK-H20-3;;9;1 279,00;1
RK-H22-1;;2;2 192,00;1
RK-H22-2;;3;1 827,00;1
RK-H3-1;;2;996,00;
RK-H3-2;;2;1 113,00;
RK-H4-2;;2;2 491,00;
RK-H6-2;;2;1 179,00;1
RK-H6-2-1;;1;1 179,00;1
RK-H6-3;;3;1 179,00;1
RK-H8-1R;;2;1 993,00;
RK-H9-1;;1;1 129,00;1
RK-Hi1-1;;3;1 212,00;
RK-Hi2-1;;2;1 661,00;
RK-Hi3-1;;2;1 212,00;1
RK-I1-1;;1;996,00;
RK-I11-1;;1;1 046,00;1
RK-I13-1;;4;1 196,00;1
RK-I13-3;;1;1 079,00;1
RK-I14-3;;2;10 793,00;1
RK-I22-1;;2;1 411,00;
RK-I24-1;;2;1 079,00;1
RK-I27-1R;;1;1 262,00;1
RK-I3-1;;1;1 212,00;
RK-I30-1R;;1;1 262,00;1
RK-I34-1;;3;1 528,00;1
RK-I35-1;;2;1 544,00;
RK-I4-1;;3;913,00;1
RK-I5-2;;2;913,00;1
RK-I6-3;;2;913,00;1
RK-I6-3-1;;2;913,00;1
RK-I7-2;;1;963,00;1
RK-I8-1;;5;913,00;1
RK-I8-2;;2;946,00;
RK-K1-1;;5;930,00;1
RK-K1-2;;4;930,00;1
RK-K1-6;;2;996,00;1
RK-K12-1;;10;1 245,00;
RK-K12-2;;10;913,00;
RK-K13-3;;2;996,00;1
RK-K14-3;;2;1 245,00;1
RK-K14-5;;2;1 378,00;
RK-K18-4;;2;1 245,00;1
RK-K18-6;;1;2 325,00;1
RK-K18-7;;1;1 295,00;1
RK-K18-9;;1;1 196,00;1
RK-K2-1;;1;1 196,00;
RK-K2-2;;2;1 494,00;1
RK-K21-1;;6;1 494,00;
RK-K26-1;;5;1 212,00;1
RK-K4-2;;3;1 046,00;1
RK-K4-4;;4;1 627,00;1
RK-K8-1;;2;1 528,00;
RK-KA10-1;;2;3 653,00;1
RK-KA3-1;;6;1 827,00;1
RK-KA4-2;TKP50;1;1 245,00;1
RK-KA6-1;;3;1 744,00;
RK-KA7-1;TKP80.15.13;15;1 328,00;1
RK-KA8-1;;2;1 959,00;1
RK-M1-1;;4;1 162,00;1
RK-M1-1-1;;4;930,00;1
RK-M1-5;;1;1 129,00;1
RK-M3-1;;2;1 279,00;
RK-M3-2;;1;1 245,00;1
RK-M5-2-1;;2;1 295,00;1
RK-M5-4;;2;1 577,00;
RK-M7-2;;2;1 395,00;1
RK-M8-1;;2;1 279,00;1
RK-M8-11R;;1;963,00;
RK-M8-2;;2;1 279,00;1
RK-M8-3-1;;4;1 046,00;1
RK-M8-4;;2;1 295,00;1
RK-M8-6R;;1;1 146,00;1
RK-S1-1;;2;913,00;
RK-S10-1;;2;2 574,00;1
RK-S16-2;;3;2 408,00;1
RK-S21-2;;2;1 362,00;1
RK-S23-1;;1;1 378,00;1
RK-S24-1;;1;2 989,00;1
RK-S4-1;;2;1 494,00;1
RK-S6-1;;1;1 511,00;1
RK-S7-1;;1;1 279,00;1
RK-S8-1-1;;6;1 943,00;1
RK-S8-2;;3;2 491,00;
RK-S8-2-1;;4;2 491,00;1
RK-T10-2;;1;1 793,00;1
RK-T11-1;;3;1 196,00;1
RK-T12-1;;2;1 129,00;1
RK-T13-1;;1;14 945,00;1
RK-T3-1;;1;1 279,00;1
RK-T4-3;;2;1 959,00;1
RK-T6-1;;1;1 245,00;1
RK-T8-1;;2;946,00;1
RK-T8-2;;2;946,00;1
Turbo-BM007S;;1;34 372,00;1
Turbo-BW004-1;B3G/1387-970-0004/1679176;1;43 837,00;1
Turbo-BW013;;1;29 059,00;
Turbo-BW042;;2;49 815,00;
Turbo-CZ004;K27-145-01/7406.111801/527699;1;13 284,00;1
Turbo-CZ009S;С13-267,C13-295;1;20 424,00;1
Turbo-G056;;1;20 590,00;
Turbo-G058;;1;23 579,00;1
Turbo-G061S;;1;19 096,00;
Turbo-G062;;1;13 284,00;1
Turbo-G063;;1;16 605,00;1
Turbo-G073;;1;31 716,00;1
Turbo-G078;;1;13 450,00;1
Turbo-G082;704136-0002/8972083520;1;27 896,00;
Turbo-G083S;;1;12 288,00;1
Turbo-G084;;1;24 908,00;
Turbo-G101S;;1;16 605,00;
Turbo-G113S;;1;28 561,00;1
Turbo-G129;;1;25 572,00;1
Turbo-G136;;1;23 247,00;1
Turbo-G142S;;1;28 893,00;1
Turbo-G207;;1;15 941,00;1
Turbo-G215;;1;19 428,00;1
Turbo-G229S;;2;18 099,00;1
Turbo-G244;;1;13 616,00;1
Turbo-G247;;1;27 232,00;1
Turbo-G252S;;1;24 575,00;1
Turbo-G257-2;Turbo-G257S;1;27 398,00;
Turbo-G296S;;1;14 945,00;1
Turbo-G337;;1;26 568,00;1
Turbo-G372;;1;27 398,00;1
Turbo-G375S;;1;23 911,00;1
Turbo-G432;;1;14 612,00;1
Turbo-G440;;1;18 432,00;1
Turbo-G546;779839-0025/2057668;1;31 550,00;1
Turbo-G768;;1;34 372,00;1
Turbo-H004;;1;19 926,00;
Turbo-H007;ВХ40 Вт/3536309;1;17 933,00;
Turbo-H013;;1;15 277,00;
Turbo-H065;HE211W/3774186/4309102;1;12 786,00;1
Turbo-H081-1;HE400WG/45104111810690;1;23 247,00;1
Turbo-H102;4038613/1538372 1538373 403861;1;23 413,00;1
Turbo-H165;;1;31 550,00;
Turbo-I006-1;;1;13 284,00;
Turbo-I010;;2;13 948,00;1
Turbo-I016;;1;13 948,00;
Turbo-I032S;;2;28 727,00;1
Turbo-I044S;;1;19 096,00;1
Turbo-I058;;2;29 059,00;1
Turbo-K008S;;1;11 624,00;
Turbo-K013;;1;13 948,00;1
Turbo-K015;;1;18 266,00;1
Turbo-K025;;1;15 941,00;1
Turbo-K029;;2;23 745,00;1
Turbo-K031;;1;14 114,00;
Turbo-K032;;1;13 616,00;1
Turbo-K034S;;2;17 269,00;1
Turbo-K043S;;1;25 904,00;1
Turbo-K047S;;2;22 251,00;1
Turbo-K048S;;1;18 266,00;1
Turbo-K049S;;1;19 428,00;
Turbo-K051-1S;;1;28 727,00;1
Turbo-K053S;;1;35 867,00;1
Turbo-K055S;;1;11 624,00;
Turbo-K057S;;1;19 926,00;1
Turbo-K061S;;1;23 247,00;1
Turbo-K062S;;2;16 439,00;1
Turbo-K067S;;1;32 546,00;1
Turbo-K073S;;1;15 277,00;1
Turbo-K076;;1;21 919,00;
Turbo-K092S;;1;24 243,00;1
Turbo-K108;К29/5329-970-7130/51.09101-702;1;24 243,00;
Turbo-K128;;1;29 889,00;
Turbo-K134S;;1;23 579,00;
Turbo-K135S;;2;35 369,00;1
Turbo-K137S;;1;29 225,00;1
Turbo-K151S;;2;19 594,00;1
Turbo-K176;;1;29 557,00;1
Turbo-K263S;;1;33 210,00;1
Turbo-M003;;1;13 284,00;1
Turbo-M006;;1;11 291,00;1
Turbo-M018;;1;12 786,00;1
Turbo-M032-2S;;2;12 454,00;1
Turbo-M034;;1;19 262,00;1
Turbo-M037;;1;12 454,00;1
Turbo-M045S;;1;23 247,00;1
Turbo-M046S;;1;21 587,00;1
Turbo-M067;;1;28 727,00;1
Turbo-M070S;;1;21 587,00;1
Turbo-M071-1S;;1;39 354,00;1
Turbo-M091;;1;14 446,00;1
Turbo-M097S;;1;15 277,00;
Turbo-M100S;;2;25 904,00;1
Turbo-M108;;1;13 616,00;1
Turbo-M108-1;;1;13 616,00;1
Turbo-M109;;1;13 118,00;1
Turbo-M119-OE;;1;22 417,00;1
Turbo-M121;;1;31 550,00;1
Turbo-M131S;;1;22 915,00;1
Turbo-M137;;3;15 443,00;1
Turbo-M176;;1;26 236,00;1
Turbo-M230;;1;36 531,00;1
Turbo-S001;S100/319246/04281437KZ 1303032;1;11 291,00;1
Turbo-T009-1S;;2;25 240,00;1
Turbo-T009S;;1;23 911,00;1
Turbo-T012;;1;16 107,00;1
Turbo-T015S;;1;27 564,00;1
Turbo-T024S;;1;25 904,00;
Turbo-T031;;1;42 509,00;1
ТКР 50.09.16 53423.1118010-01;;1;;1
TN-Turbo-G094;REFONE;1;16 107,00;1
7000-001-0039/701854-0002-3-4;REFONE;1;19 594,00;
7000-001-0047/729041-0009;REFONE;1;13 782,00;
7000-001-0065/5007г 727265-2,452264-2;REFONE;1;13 782,00;
7000-001-0070/727266-0001;Turbo-G269;1;13 782,00;
7000-001-0080/7400г 716885-0001-2-3-4;REFONE;1;23 081,00;
7000-001-0096/700716-0001-3-4-5-;REFONE;1;13 782,00;
7000-001-0102/760774-0003-2-4-5-6;REFONE;1;17 269,00;
TNYL-Turbo-S228-oe;1380-970-0027;2;27 232,00;1
TN-Turbo-CZ004-oe;К27-145-01/7406.1118012;1;16 107,00;
TN-Turbo-CZ004-1-oe;К27-145-02/7406.1118013;1;16 107,00;
AC-G022;;2;1 378,00;1
AC-G066eh;757608;2;7 306,00;1
AC-G218-2eh;;5;6 144,00;1
AC-G218eh;;2;6 974,00;1
AC-G245eh;;3;4 317,00;1
AC-G282e;;2;5 148,00;1
AC-G284-1ev;;2;830,00;1
AC-G285;;1;2 325,00;1
AC-G293-1eh;;2;7 472,00;1
AC-G435eh;;2;3 985,00;1
AC-H005;;1;1 196,00;1
AC-I045-1;;4;1 162,00;1
AC-I074e;;2;7 638,00;1
AC-I091-2;;13;1 245,00;1
AC-I101-1e;Старое AC-I158e / AC-I137e;13;6 808,00;1
AC-I118e;;2;8 303,00;1
AC-I162;Старое AC-I115-1;2;1 328,00;1
AC-K081-2ev;;2;830,00;1
AC-K118eh;;3;10 129,00;1
AC-K120;;2;1 577,00;
AC-K179eh;;2;10 295,00;
AC-M082e;;1;6 310,00;
AC-M146e;;1;6 476,00;1
AC-M179e;;2;6 974,00;1
AC-T009e;;5;6 476,00;1
AC-T026e;;1;5 978,00;1
AC-T031-1e;;2;6 310,00;1
AC-T031e;;1;6 310,00;1
ACP-AR067;;19;531,00;1
HY55-005B;;1;45 996,00;1
GT12-029B;;1;6 974,00;1
AC-K089-1ev;;1;2 574,00;1
TN-Turbo-S083-2-oe;1258-970-0010;1;27 232,00;
TN-Turbo-H124-oe;4047757;1;25 406,00;
ТКР Holset НХ40W 4044407;;1;;
AC-G628eh;;1;4 483,00;
TH-M193M;;1;18 266,00;1
Turbo-I017;RHF55/VA440031/VB440031/VC4400;1;14 778,00;
