TH-M193M;;2;17 375,00;1
TN-Turbo-S083-3-oe;1258-970-0011;2;25 904,00;
HY55-005B;;2;43 752,00;
Turbo-T013S;;3;26 536,00;1
Turbo-G135S;;4;19 112,00;1
ACP-AR067;;14;505,00;1
AC-T031e;;3;6 002,00;1
AC-T026e;;1;5 686,00;1
AC-M197e;;1;5 844,00;1
AC-M179e;;1;6 634,00;1
AC-M146e;;1;6 160,00;1
AC-K177eh;;3;9 635,00;1
AC-K171eh;;3;6 950,00;1
AC-K118eh;;2;9 635,00;1
AC-K081-2ev;;2;790,00;1
AC-K015e;Старое AC-K015-2e;1;5 054,00;1
AC-I101-1e;Старое AC-I158e / AC-I137e;4;6 476,00;1
AC-I091;;1;1 106,00;1
AC-I074e;;1;7 266,00;1
AC-I045-1;;3;1 106,00;1
AC-I040e;Старое AC-I073e;1;6 318,00;1
AC-H005;;2;1 137,00;
AC-G309;;1;1 264,00;1
AC-G302-1eh;;2;8 371,00;
AC-G293-1eh;;1;7 108,00;1
AC-G284-1ev;;1;790,00;1
AC-G282e;;2;4 896,00;1
AC-G274e;;2;5 212,00;1
AC-G259eh;;3;6 950,00;1
AC-G245eh;;1;4 107,00;
AC-G218eh;;2;6 634,00;1
AC-G066eh;757608;1;6 950,00;1
AC-G022;;2;1 311,00;1
AC-BW006;;1;1 422,00;1
TN-Turbo-CZ039;c14-127-01/3990014101;1;18 638,00;1
TN-Turbo-CZ009-yamz;С13-267/295-01/534431118010-10;1;19 744,00;1
TN-Turbo-CZ004-1-oe;К27-145-02/7406.1118013;2;15 321,00;
TN-Turbo-CZ004-oe;К27-145-01/7406.1118012;2;15 321,00;
TN-Turbo-H339-oe;4036915;2;29 221,00;1
TN-Turbo-H045-oe;HE351W 4043980;1;21 955,00;1
Turbo-VF001-OE;1370-000-065/5501660277;1;41 541,00;1
Turbo-T024S;;3;24 640,00;
Turbo-T015S;;1;26 220,00;1
Turbo-T012;;3;15 321,00;1
Turbo-T009-1S;;2;24 008,00;1
Turbo-S092;S200/172534/RE509829;1;17 059,00;1
Turbo-S001;S100/319246/04281437KZ 1303032;3;10 741,00;
Turbo-M304;;1;29 063,00;1
Turbo-M259;;1;14 216,00;1
Turbo-M143S;;6;22 113,00;1
Turbo-M137;;2;14 689,00;1
Turbo-M109;;3;12 478,00;
Turbo-M108-1;;1;12 952,00;1
Turbo-M097S;;1;14 531,00;1
Turbo-M091;;2;13 742,00;
Turbo-M071-1S;;1;37 434,00;1
Turbo-M070S;;1;20 534,00;1
Turbo-M060S;;1;17 059,00;1
Turbo-M044;;3;18 954,00;1
Turbo-M037;;2;11 846,00;1
Turbo-M018;;2;12 162,00;1
Turbo-M013S;;1;16 111,00;1
Turbo-M011S;;1;25 272,00;
Turbo-M010S;;1;24 956,00;
Turbo-M006;;1;10 741,00;1
Turbo-M003;;1;12 636,00;1
Turbo-K263S;;2;31 590,00;1
Turbo-K144S;газель евро 5;3;30 326,00;1
Turbo-K134S;;1;22 429,00;
Turbo-K123S;;1;19 428,00;1
Turbo-K109;;2;27 641,00;1
Turbo-K073S;;2;14 531,00;
Turbo-K071-1;;1;14 373,00;1
Turbo-K071;;2;12 162,00;
Turbo-K061S;;1;22 113,00;1
Turbo-K043S;;2;24 640,00;
Turbo-K035;;2;13 426,00;
Turbo-K033S;;2;12 162,00;
Turbo-K031;;1;13 426,00;
Turbo-K029;;5;22 587,00;1
Turbo-K028;;1;12 004,00;1
Turbo-K027-1;;1;18 954,00;1
Turbo-K013;;1;13 268,00;1
Turbo-K010;;1;16 111,00;1
Turbo-K008S;;1;11 057,00;
Turbo-I058;;1;27 641,00;1
Turbo-I044S;;2;18 164,00;1
Turbo-I033s;;2;27 641,00;1
Turbo-I032S;;2;27 325,00;1
Turbo-I031S;;2;23 061,00;1
Turbo-H081-1;HE400WG/45104111810690;2;22 113,00;1
Turbo-H007;ВХ40 Вт/3536309;2;17 059,00;
Turbo-G781;;1;36 329,00;1
Turbo-G768;;1;32 696,00;1
Turbo-G546;779839-0025/2057668;2;30 011,00;1
Turbo-G432;;2;13 900,00;1
Turbo-G408S;;4;16 427,00;1
Turbo-G343;;1;14 373,00;1
Turbo-G319S;;2;15 637,00;1
Turbo-G296S;;2;14 216,00;1
Turbo-G295S;;2;32 380,00;1
Turbo-G294S;;1;12 636,00;1
Turbo-G249S;;2;29 695,00;1
Turbo-G215;;2;18 480,00;1
Turbo-G214S;;1;23 535,00;
Turbo-G143S;;2;24 798,00;1
Turbo-G139S;;1;17 848,00;1
Turbo-G129;;3;24 324,00;1
Turbo-G121S;;1;14 216,00;
Turbo-G118;;2;23 693,00;
Turbo-G083S;;1;11 688,00;
Turbo-G069;700716-0001/8972089662;1;14 216,00;
Turbo-G062;;2;12 636,00;1
Turbo-G058;;4;22 429,00;
Turbo-G046-1;711736-0026/2674A226;3;13 268,00;1
Turbo-G020;;3;15 795,00;
Turbo-G016S;;2;19 428,00;1
Turbo-G007;;3;11 372,00;1
Turbo-CZ009S;С13-267,C13-295;2;19 428,00;1
Turbo-BW018;;2;18 954,00;
Turbo-BW012;B2G/1270-970-0067/5361118010;1;24 482,00;1
RK-T8-2;;2;900,00;1
RK-T5-1;;2;1 422,00;
RK-T3-1;;1;1 216,00;1
RK-T13-1;;2;14 216,00;
RK-T12-1;;1;1 074,00;1
RK-T11-1;;4;1 137,00;1
RK-S8-2;;1;2 369,00;1
RK-S8-1-1;;8;1 848,00;1
RK-S8-1;;1;1 864,00;1
RK-S7-1;;4;1 216,00;1
RK-S5-1;S2B;2;1 232,00;1
RK-S4-1;;3;1 422,00;
RK-S24-1;;1;2 843,00;1
RK-S23-1;;6;1 311,00;1
RK-S21-2;;6;1 295,00;1
RK-S14-1;;17;1 200,00;1
RK-S1-2;;3;869,00;1
RK-S1-1;;4;869,00;
RK-M9-1;;3;1 074,00;1
RK-M8-3-1;;2;995,00;
RK-M8-2;;2;1 216,00;1
RK-M8-1;;5;1 216,00;1
RK-M7-2;;3;1 327,00;1
RK-M5-3-1;;2;1 185,00;1
RK-M5-2-1;;3;1 232,00;1
RK-M3-3R;;3;1 074,00;
RK-M3-2;;3;1 185,00;1
RK-M3-1;;3;1 216,00;
RK-M1-4R;;1;995,00;1
RK-M1-2-1;;5;885,00;1
RK-M1-2;;2;1 058,00;1
RK-M1-1;;5;1 106,00;1
RK-KA7-1;TKP80.15.13;3;1 264,00;1
RK-KA6-1;;2;1 658,00;1
RK-KA4-2;TKP50;1;1 185,00;
RK-KA3-1;;9;1 737,00;1
RK-KA12-1;;2;1 311,00;
RK-KA10-1;;4;3 475,00;1
RK-KA1-1;TKP7C6;9;1 216,00;1
RK-K8-1;;2;1 453,00;
RK-K6-4;;3;1 042,00;1
RK-K4-4;;5;1 548,00;1
RK-K4-2;;2;995,00;1
RK-K3-3;;1;1 074,00;1
RK-K27-1;;1;1 580,00;1
RK-K18-9;;9;1 137,00;1
RK-K18-7;;1;1 232,00;1
RK-K18-6;;1;2 211,00;1
RK-K18-5;;3;995,00;1
RK-K18-4;;1;1 185,00;1
RK-K18-3;;3;995,00;1
RK-K14-3;;3;1 185,00;1
RK-K13-5;;2;979,00;1
RK-K12-2;;2;869,00;
RK-K1-3;;2;1 216,00;1
RK-I8-2;;3;900,00;1
RK-I6-4;;1;837,00;
RK-I6-3-1;;4;869,00;1
RK-I6-3;;2;869,00;1
RK-I6-2;;3;869,00;1
RK-I5-1;;8;869,00;1
RK-I4-1;;3;869,00;1
RK-I34-1;;2;1 453,00;1
RK-I3-1;;2;1 153,00;
RK-I24-1;;4;1 027,00;1
RK-I14-3;;2;10 267,00;1
RK-I13-3;;4;1 027,00;1
RK-I13-1;;20;1 137,00;1
RK-I11-1;;24;995,00;1
RK-I1-1;;2;948,00;
RK-Hi3-1;;2;1 153,00;1
RK-Hi2-1;;3;1 580,00;
RK-H9-1;;2;1 074,00;
RK-H6-3;;3;1 121,00;
RK-H6-2-1;;2;1 121,00;1
RK-H6-2;;5;1 121,00;1
RK-H6-1;;1;821,00;1
RK-H4-2;;6;2 369,00;
RK-H4-1;;4;2 369,00;
RK-H3-2;;2;1 058,00;
RK-H22-1;;3;2 085,00;1
RK-H16-1;;2;1 816,00;1
RK-H15-3;;2;1 848,00;1
RK-H15-1;;4;1 611,00;1
RK-H14-2;;3;1 501,00;1
RK-H14-1;;1;1 137,00;1
RK-H13-1;;7;1 895,00;1
RK-H12-1-1;;14;1 279,00;1
RK-H12-1;;3;1 232,00;1
RK-H11-2;;2;1 611,00;1
RK-H11-1-1;3597659;3;1 153,00;1
RK-H11-1;;2;1 121,00;1
RK-H1-2;;2;1 216,00;1
RK-G9-3;;5;1 611,00;1
RK-G9-2;;2;2 211,00;
RK-G8-4;;3;1 074,00;
RK-G8-3-1;;2;1 501,00;1
RK-G8-1;;5;979,00;1
RK-G67-1R;;1;1 153,00;1
RK-G64-1;;2;2 211,00;1
RK-G53-1;11658570083;2;8 371,00;1
RK-G52-1R;;1;916,00;1
RK-G51-2;;6;2 290,00;1
RK-G5-4;;2;1 137,00;
RK-G5-3-1;;2;821,00;1
RK-G48-8;;2;1 153,00;
RK-G47-2;;2;916,00;
RK-G4-5;;4;869,00;1
RK-G37-2;;5;1 343,00;1
RK-G37-1;;2;1 106,00;
RK-G3-1-1;;3;821,00;1
RK-G3-1;;3;790,00;1
RK-G27-1;;2;11 846,00;
RK-G25-5;;3;2 685,00;1
RK-G25-4;;5;2 654,00;1
RK-G25-3;;2;2 764,00;1
RK-G24-5;;3;1 501,00;
RK-G24-1;;3;2 401,00;
RK-G23-3;;3;1 358,00;1
RK-G23-1;;5;1 216,00;1
RK-G19-4-1;;1;869,00;1
RK-G19-3;;1;900,00;1
RK-G19-2;;1;916,00;1
RK-G19-13;;4;948,00;1
RK-G19-11;;2;948,00;1
RK-G19-1;;2;869,00;1
RK-G18-1;;2;2 290,00;1
RK-G13-5R;;3;1 232,00;1
RK-G13-4;;2;1 185,00;1
RK-G13-1;;4;1 153,00;1
RK-G11-2;;2;1 137,00;
RK-G11-1;;4;1 295,00;
RK-G10-2;;1;1 185,00;1
RK-G1-2;;1;869,00;
RK-C5-1;С13-267,C13-297,53443.111;4;1 611,00;1
RK-C3-1;;4;1 580,00;1
RK-C1-1;;2;1 185,00;1
RK-BW6-1;;3;1 058,00;1
RK-BW4-5R;;1;1 469,00;1
RK-BW4-2;;2;1 501,00;1
RK-BW4-1R;;3;1 611,00;1
RK-BW3-1;;11;1 927,00;1
RK-BW2-4;;6;1 848,00;1
RK-BW2-3;;1;1 737,00;1
RK-BW11-1;;2;2 290,00;1
RK-BM2-1R;;3;1 485,00;1
VG9-7a;;6;237,00;
GK-0959;Заменили на GK-0659;2;284,00;
GK-0933;;4;505,00;1
GK-0931;;1;316,00;1
GK-0928;;3;253,00;
GK-0884;;2;269,00;1
GK-0859;;2;474,00;
GK-0844;;2;158,00;1
GK-0825;;2;253,00;
GK-0816;;1;237,00;1
GK-0771;;2;237,00;1
GK-0761;;2;300,00;1
GK-0733;;2;505,00;1
GK-0724;;2;553,00;1
GK-0710;;1;284,00;1
GK-0709;;3;221,00;1
GK-0707;;4;363,00;
GK-0705;;4;253,00;
GK-0702;;1;1 185,00;
GK-0701;;2;790,00;1
GK-0695;;2;332,00;1
GK-0691;;2;221,00;
GK-0684;;4;948,00;
GK-0683;;1;1 264,00;1
GK-0680;;2;316,00;
GK-0676;;2;521,00;1
GK-0659;Старое GK-0959;5;474,00;1
GK-0161-1;GK-0641;2;253,00;1
GK-0473;;2;269,00;
GK-0452;;3;316,00;
GK-0434;;2;237,00;
GK-0380;;4;174,00;1
GK-0362;;3;221,00;1
GK-0350;;2;174,00;
GK-0340;;2;300,00;1
GK-0318;;2;237,00;
GK-0309;;2;347,00;1
GK-0296;Старое GK-0006;2;205,00;
GK-0283;;2;237,00;1
GK-0279;;2;316,00;
GK-0275;;1;442,00;1
GK-0221;;2;316,00;1
GK-0208;;2;237,00;
GK-0182;;2;237,00;1
GK-0164;;3;269,00;
GK-0158;;3;142,00;
GK-0154;;1;237,00;
GK-0152;;2;316,00;
GK-0088;;1;253,00;
GK-0087;;2;316,00;
GK-0079;;3;300,00;1
GK-0061;;1;142,00;1
GK-0020;;2;190,00;1
GK-0003;;3;332,00;
GK-0002;;2;190,00;
TW-1042;;1;3 949,00;1
TH-T014;;3;2 922,00;1
TH-T013;;2;6 950,00;1
TH-T006;;1;3 159,00;1
TH-M223M;;1;14 216,00;1
TH-M138;;5;3 633,00;
TH-M103S;;2;6 002,00;1
TH-M051-1MS;;8;16 111,00;1
TH-M030S;;1;4 107,00;1
TH-M026S;;1;2 843,00;1
TH-M017;;2;3 791,00;
TH-M008;;2;4 107,00;
TH-M006;;1;3 791,00;1
TH-M005;;1;3 001,00;
TH-KA001-1;TKP7C6M;3;2 922,00;
TH-K088S;;3;3 791,00;
TH-K076;;2;4 739,00;1
TH-K063M;;3;11 688,00;1
TH-K061MS;;5;9 003,00;1
TH-K049-1MS;;10;10 188,00;1
TH-K046;;1;3 317,00;1
TH-K041S;;6;3 949,00;1
TH-K039MS;;1;10 504,00;1
TH-K036MS;без крутилки 0136;9;9 951,00;1
TH-K020MS;;1;9 003,00;1
TH-K012;;1;5 054,00;1
TH-K001-1S;;2;2 606,00;1
TH-I154M;;1;11 846,00;1
TH-I136MS;;20;9 477,00;1
TH-I049MS;;1;10 583,00;1
TH-I049-1MS;;1;10 583,00;1
TH-I047MS;;5;7 898,00;1
TH-I034S;;1;4 423,00;1
TH-I033S;;5;4 265,00;1
TH-I028;;1;5 844,00;1
TH-I019;;2;2 843,00;
TH-I012;;12;2 685,00;1
TH-I005;;2;3 633,00;1
TH-H073;;4;5 607,00;
TH-G516;;3;8 371,00;1
TH-G396;;1;3 238,00;1
TH-G379;;2;8 213,00;
TH-G288;;3;4 739,00;1
TH-G274M;;1;14 847,00;1
TH-G269MS;;2;11 688,00;
TH-G252S;;3;3 791,00;1
TH-G236;;2;3 159,00;1
TH-G222MS;;2;11 530,00;
TH-G170;;2;3 870,00;1
TH-G164-1S;;2;4 739,00;
TH-G154S;;2;3 001,00;1
TH-G143;;4;3 159,00;1
TH-G132MS;;1;10 425,00;1
TH-G121S;;3;3 475,00;1
TH-G076;;2;5 370,00;1
TH-G058MS;;1;9 793,00;
TH-G023;;2;3 080,00;1
TH-CZ007S;;5;4 581,00;1
TH-Co001-1MS;;3;11 688,00;1
TH-BW038;;2;6 002,00;1
CH-BW004;;2;6 002,00;
TN-EAW-002;B;5;1 106,00;1
TN-EAW-003;D;9;1 106,00;1
TN-EAW-001;;4;1 106,00;1
TN-EAW-001-1;;3;2 211,00;
TN-EAI-003;D;4;1 580,00;1
TN-EAI-001;C;8;1 422,00;1
TN-EAI-002;;2;1 422,00;
AC-T024e;;1;6 792,00;1
AC-T017;;1;1 058,00;
AC-S030-1;;1;1 501,00;1
TN-AC-M219e;;3;7 108,00;
AC-M168;;1;2 685,00;1
AC-M123;;2;1 137,00;
AC-M121eh;;2;6 792,00;1
TN-AC-M109e;;2;17 375,00;
AC-M069;;1;1 295,00;1
AC-M049;;2;1 185,00;
AC-M034-2eh;;2;6 950,00;1
AC-M031;;3;1 343,00;1
AC-M027;;2;1 737,00;
AC-M011;;2;1 658,00;1
AC-M006;;2;1 137,00;1
AC-KA004;;1;1 422,00;
AC-KA001;;7;1 042,00;1
AC-K302e;;2;11 214,00;1
AC-K234e;;2;6 318,00;
AC-K217eh;;3;9 477,00;1
AC-K195e;;2;12 478,00;1
AC-K162eh;;1;4 107,00;1
AC-K158eh;;1;4 265,00;1
AC-K146;;2;1 532,00;
AC-K143e;;1;15 795,00;1
AC-K143-1e;;2;15 795,00;1
AC-K132e;;1;4 896,00;1
AC-K112;;2;2 527,00;
AC-K111e;;1;6 160,00;
AC-K109;;2;1 580,00;1
AC-K106eh;;3;7 108,00;1
AC-K105eh;;1;7 740,00;
AC-K103-2v;;2;853,00;1
AC-K103-1ev;AC-K067-1ev / AC-K299-2ev;2;790,00;1
AC-K103;;3;1 106,00;1
AC-K099e;;3;9 635,00;1
AC-K085;;2;1 106,00;1
AC-K083;;1;1 516,00;
AC-K041;Старое AC-K080,AC-K079;2;1 343,00;1
AC-K074;;2;1 027,00;1
AC-K050;Старое AC-K001;3;1 074,00;1
AC-K043e;;1;5 370,00;1
AC-K038;Старое AC-K080-1;1;1 580,00;1
AC-K024;;3;1 216,00;
AC-I166e;;1;7 424,00;
AC-I162-1ev;;3;1 895,00;1
AC-I099e;;1;6 002,00;1
AC-I098e;;2;7 108,00;1
AC-I097;Старое AC-I091-3;4;1 264,00;1
AC-I073-1ev;;4;2 290,00;1
AC-I040-1ev;Старое AC-I093-1e/ AC-G276-1ev;2;1 658,00;
AC-I038;;3;1 121,00;1
AC-I026;;2;1 501,00;1
AC-I021;;2;1 264,00;
AC-I008;;2;1 895,00;
AC-H034;;1;1 295,00;1
AC-H004;;3;1 580,00;1
AC-H003;;2;1 137,00;1
AC-H002;;12;1 137,00;1
AC-G516eh;;2;7 266,00;
AC-G509e;;2;9 793,00;1
AC-G505eh;;2;3 791,00;1
AC-G432eh;;2;6 950,00;1
AC-G394eh;;1;6 792,00;1
AC-G385-1eh;;1;6 476,00;1
AC-G383eh;;1;4 265,00;1
AC-G349eh;;2;4 265,00;1
AC-G323;;3;1 737,00;
AC-G318e;;1;5 212,00;1
AC-G299e;;1;5 054,00;
AC-G294eh;;1;4 186,00;1
AC-G293eh;;1;4 265,00;1
AC-G292eh;;1;4 423,00;
AC-G284-2v;;1;979,00;1
AC-G275e;;1;5 212,00;
AC-G275-1ev;;2;2 922,00;
AC-G263eh;;2;6 950,00;
AC-G393eh;AC-G263-1eh;2;7 424,00;
AC-G260eh;;1;6 792,00;1
AC-G258eh;;2;6 950,00;
AC-G251eh;;3;4 107,00;
AC-G250eh;;2;4 107,00;1
AC-G234eh;;1;4 265,00;1
AC-G234-1eh;;1;7 740,00;
AC-G228eh;;3;7 266,00;1
AC-G222eh;;1;7 108,00;
AC-G216e;;2;4 739,00;1
AC-G112-2;;2;1 501,00;
AC-G076;;1;1 422,00;1
AC-G072;;2;1 737,00;
AC-G034;;2;1 422,00;1
AC-CZ002;;2;1 295,00;1
AC-BW033e;;1;7 582,00;1
AC-BW010;;2;1 990,00;1
AC-BW008-1;;2;1 658,00;
AC-BW008;;2;1 816,00;
AC-BW004;;3;1 232,00;1
AC-BM001e;;2;5 370,00;
TF035-VG5;;4;6 318,00;1
TF035-VG3;;2;6 002,00;1
TF035-029;;2;5 054,00;1
TF035-012;;1;5 370,00;1
TF035-009;;1;5 054,00;1
TF035-000;;6;5 686,00;1
TD05-025;;3;6 950,00;1
TD05-004;;2;6 318,00;1
TD04-VG8;;1;7 898,00;
TD04-VG7;;2;7 898,00;1
TD04-VG14;;3;7 740,00;1
TD04-VG1;;1;6 634,00;1
TD04-138BR;;2;7 740,00;1
TD04-121B;;1;7 582,00;1
TD04-073;;2;6 634,00;1
TD04-066;;3;5 528,00;1
TD04-059;;2;5 686,00;1
TD04-054R;;11;6 002,00;1
TD04-049;;1;8 213,00;1
TD04-048;;1;5 686,00;1
TD04-046;;1;6 160,00;1
TD04-039;;4;5 370,00;1
TD04-036R;;2;6 476,00;1
TD04-010;;4;6 476,00;
TD04-006;;4;6 476,00;1
TD04-002;;3;5 054,00;1
TD04-000;;2;5 054,00;1
TD03-005;;1;6 002,00;1
TD02-042BR;;7;6 792,00;1
TD02-023;;1;5 370,00;
TD02-017;;2;5 212,00;1
TD02-016;;3;4 896,00;
TD02-014BR;;2;6 318,00;1
TD02-004;;8;5 370,00;1
TD02-000;;1;4 581,00;1
TA51-001;;2;10 583,00;1
TA45-004;;1;9 635,00;1
T4-063;;1;7 424,00;1
T4-042;;2;7 740,00;1
T2-052;;3;5 370,00;1
T2-051;;2;5 212,00;
T2-048;;3;6 318,00;1
T2-026;;1;5 528,00;
T2-018;;3;4 896,00;
T2-006;;3;6 160,00;1
T2-002;;2;6 318,00;1
T2-000;;2;4 739,00;1
S4-101B;;2;25 272,00;1
S4-039;;2;16 585,00;
S4-020;Старое S4-042;1;16 427,00;1
S4-019B;;2;15 321,00;1
S4-008B;;3;15 321,00;
S4-003;;2;12 478,00;1
S3-104;;5;10 583,00;1
S3-044;;1;15 479,00;1
S3-018;;1;13 426,00;1
S2-141;S200 метан;4;7 582,00;1
S2-083;;2;9 003,00;1
S2-073;;1;10 109,00;1
S2-015;;1;8 845,00;1
S2-006;S2B;9;8 055,00;1
S1-009;;2;6 002,00;1
S1-006;;2;5 370,00;1
S1-002;;2;6 318,00;1
S1-001;;2;6 002,00;1
S1-000;;1;5 370,00;1
RHF5-045;;2;7 424,00;1
RHF5-037;;1;6 792,00;1
RHF5-033BR;;1;8 213,00;1
RHF5-031BR;;1;7 740,00;1
RHF5-027;;9;6 792,00;1
RHF5-026;;12;6 792,00;1
RHF5-024-1;;2;7 582,00;1
RHF5-024;;1;7 582,00;1
RHF5-008;;1;6 792,00;1
RHF5-007;Старое RHF5-060;2;7 108,00;1
RHF5-005G;;5;13 426,00;1
RHF5-001;;6;6 634,00;1
RHF4-083B;;1;8 371,00;
RHF4-081;;2;6 792,00;1
RHF4-072B;;2;7 424,00;1
RHF4-059BR;;8;8 055,00;1
RHF4-053;;7;7 898,00;1
RHF4-052-1;;2;7 740,00;1
RHF4-052;;7;7 898,00;1
RHF4-051B;;1;7 898,00;1
RHF4-042;;2;6 476,00;1
RHF4-037-1;;3;8 371,00;1
RHF4-033;;10;8 055,00;1
RHF4-032;;2;6 318,00;1
RHF4-029;;1;6 318,00;1
RHF4-028;;1;6 792,00;1
RHF4-027;;1;6 318,00;1
RHF4-026;;2;7 108,00;
RHF4-023;;2;6 634,00;
RHF4-017;;1;7 582,00;1
RHF4-016;;6;6 318,00;1
RHF4-012;;3;6 160,00;1
RHF4-011;;2;6 318,00;
RHF4-010;Старое RHF4-046;1;6 318,00;1
RHF3-055B;;4;7 266,00;1
RHF3-053B;;8;7 266,00;1
RHF3-052;;3;6 950,00;1
RHF3-033B;;1;7 740,00;1
RHF3-030;;2;7 108,00;1
RHF3-012B;;3;7 108,00;1
RHF3-011;;2;7 582,00;1
RHB5-011;;2;6 950,00;1
RH6-027;;2;9 951,00;1
R2S-044-LB;;2;12 320,00;1
R2S-044-HB;;2;7 266,00;1
R2S-042-L;;5;7 740,00;1
R2S-021-H;R2S-042-H;1;5 054,00;1
R2S-039-HB;;1;6 476,00;1
R2S-036-HB;;1;7 266,00;1
R2S-035-LBR;;3;7 898,00;1
R2S-035-HB;;2;6 634,00;1
R2S-035-1-LB;;2;7 898,00;1
R2S-031-HB;;4;5 844,00;1
R2S-028-HB;;2;6 160,00;1
R2S-021-L;;1;6 792,00;1
R2S-018-L;;1;12 478,00;1
R2S-013-L;;1;6 634,00;1
R2S-012-HB;;2;9 003,00;1
R2S-011-L;Старое R2S-011-L / K26-006;4;7 898,00;1
R2S-009-LB;;6;6 160,00;1
R2S-007-L;;2;10 899,00;1
R2S-005-LB;;5;6 318,00;1
R2S-003-HB;;6;4 739,00;1
R2S-001-LB;Старое R2S-016-L;7;6 002,00;1
R2S-000-LB;;4;6 160,00;1
R2S-000-L1B;;1;5 844,00;1
R2S-000-HB;;4;5 370,00;1
NGT-010BR;;1;6 792,00;1
KY-007B;;2;20 534,00;1
KY-003B;;1;20 534,00;1
KP39-035B;;1;6 318,00;1
KP39-034;;1;6 160,00;1
KP39-025;;7;6 160,00;1
KP39-024;;1;6 160,00;1
KP39-022;Старое R2S-025-H;1;5 212,00;1
KP39-021;;4;6 318,00;1
KP39-020;;3;6 002,00;1
KP39-015;;1;6 318,00;1
KP39-013;;3;5 528,00;1
KP39-012;;2;5 528,00;1
KP39-007;;3;5 844,00;1
KP39-004;;2;5 686,00;1
KP39-001;;8;5 212,00;1
KP35-014;;3;6 002,00;1
KP35-013;;2;5 054,00;1
KP35-010B;пара: K16-028;2;6 160,00;1
KP35-005;;9;5 054,00;1
KP35-003;;1;4 739,00;1
KAM-029;TKP80.15.13;8;8 845,00;1
KAM-028;TKP50;6;7 108,00;1
K31-021B;;1;13 742,00;1
K31-009B;;5;13 584,00;1
K31-004-C;;3;13 426,00;1
K31-003;;2;12 478,00;
K29-003B;;2;12 636,00;1
K29-002;;1;11 530,00;1
K29-000B;;6;12 636,00;1
K27-005-C1;;2;8 845,00;1
K26-027B;;1;10 109,00;1
K24-006;Старое K24-022;2;7 582,00;1
K16-028;пара: KP35-010B;2;6 792,00;1
K16-011;;1;6 318,00;1
K16-000B;;2;5 528,00;1
K14-017;;6;6 476,00;1
K14-011;;1;5 844,00;1
K14-009;;6;5 844,00;1
K14-004;;2;6 476,00;1
K0CG-011B;;1;7 740,00;1
K0CG-010BR;;3;7 740,00;1
K0CG-003BR;;3;7 740,00;1
K04-063;;1;6 476,00;1
K04-036;;1;7 108,00;1
K04-034B;;1;6 002,00;1
K04-020-C;;1;5 370,00;1
K04-019;;4;6 160,00;1
K04-017;;8;7 740,00;1
K04-010;;1;7 108,00;
K04-007;;3;6 002,00;
K04-004;;2;5 212,00;1
K04-000;;2;5 212,00;1
K03-176;;1;6 318,00;1
K03-129B;;2;7 740,00;1
K03-125;;1;6 792,00;1
K03-114B;;21;7 740,00;1
K03-108B;;1;7 898,00;
K03-107B;;2;7 108,00;1
K03-100B;;2;7 266,00;1
K03-095B;;3;8 213,00;1
K03-094B;;1;6 634,00;1
K03-093;;4;5 844,00;1
K03-078B;;2;8 055,00;1
K03-067BR;;1;7 108,00;1
K03-062B;;3;7 108,00;1
K03-056;;6;6 002,00;1
K03-054B;;3;6 476,00;1
K03-043B;;3;6 792,00;1
K03-041;;9;6 160,00;1
K03-040;;3;6 002,00;1
K03-039B;;1;6 318,00;1
K03-036;;1;5 844,00;1
K03-023;;3;4 896,00;1
K03-016;;1;5 844,00;1
K03-013;;3;4 896,00;1
K03-009;;1;5 686,00;1
K03-004-1;;2;5 844,00;1
K03-003;;4;4 896,00;1
K03-000;;1;4 896,00;1
HY55-015B;;2;45 490,00;1
HY55-008;;5;38 856,00;1
HY55-003;;1;38 382,00;1
HY55-002;;1;38 224,00;1
HY40-004B;;2;38 540,00;1
HX5-089;;2;11 530,00;1
HX5-059;;6;11 372,00;1
HX5-057;;1;10 267,00;1
HX5-042B;;2;13 268,00;1
HX5-018B;;2;13 426,00;1
HX5-011;;1;12 162,00;1
HX5-008;;1;11 530,00;1
HX5-007;;1;11 214,00;1
HX5-003;;2;12 320,00;1
HX5-001;;2;10 583,00;
HX5-000-C;;1;12 004,00;
HX-179-C;;4;8 213,00;
HX-092;;1;7 424,00;1
HX-056;;1;7 740,00;
HX-026;;3;7 424,00;1
HX-013;аналог hx-002;2;7 740,00;1
HX-009;;1;7 266,00;1
HX-004;;3;7 424,00;1
HX-002;аналог hx-013;2;7 898,00;1
HX-001;;2;7 424,00;1
HX25-001;;2;5 212,00;1
HTB-008R;;1;18 006,00;1
HT-005;;2;8 529,00;1
HT-002;;1;7 108,00;1
HE5-025B;;2;14 373,00;1
HE5-018;;2;12 794,00;1
HE5-008;;3;12 794,00;1
HE-040;;11;6 160,00;1
HE-024;;4;5 528,00;1
HE-021;;2;5 844,00;1
HE-012;;7;7 582,00;1
HE-010;;3;5 370,00;1
HE-009;;2;6 002,00;1
H1-001;;1;7 582,00;1
GTR-011G;;3;15 163,00;1
GTA-018;Старое GT42-018;3;13 426,00;1
GTA-012;;3;9 951,00;1
GTA-000;;2;31 274,00;
GT42-022;;3;10 899,00;
GT42-019-C;;7;12 478,00;1
GT42-002;;2;10 425,00;
GT40-028;;5;21 007,00;1
GT40-020;;7;13 426,00;1
TN-GT37-026;753481-1 only;3;15 637,00;
GT35-003;;2;10 425,00;1
GT32-020;;1;8 845,00;
GT25-028;;1;6 476,00;1
GT25-000;;3;6 792,00;
GT23-003;;2;6 476,00;1
GT23-006;gt23-001;1;7 898,00;1
GT22-118R;;3;7 898,00;
GT22-085BR;;2;7 582,00;1
GT22-080;;3;7 898,00;1
GT22-073;;3;7 424,00;1
GT22-064;;1;8 371,00;1
GT22-054R;;6;7 266,00;1
GT22-053R;;2;7 266,00;1
GT22-048;Старое GT22-006;2;6 634,00;1
GT22-036-1;;2;5 844,00;1
GT22-034;;3;7 740,00;1
GT22-026;;13;8 055,00;1
GT22-021;;2;8 055,00;1
GT22-020;;1;6 950,00;1
GT22-018;;3;7 108,00;
GT22-015;;1;6 476,00;1
GT22-014;;2;6 002,00;1
GT22-011;;2;5 528,00;
GT22-009;;1;7 108,00;
GT22-008;;1;7 108,00;1
GT22-007;;3;6 634,00;1
GT22-005;;2;6 950,00;1
GT22-001;;1;6 634,00;
GT20-099B;;2;8 845,00;1
GT20-097B;;1;8 371,00;1
GT20-089;;1;6 634,00;
GT20-078BG;;5;16 585,00;1
GT20-077;;1;7 740,00;1
GT20-072B;;1;9 161,00;1
GT20-068;;1;8 845,00;1
GT20-066;;1;8 845,00;1
GT20-044;;15;6 950,00;1
GT20-035;;1;7 424,00;1
GT20-034;;2;6 002,00;1
GT20-030;;2;7 424,00;1
GT20-027-W;;1;7 740,00;1
GT20-025;;2;6 002,00;1
GT20-020;;2;5 370,00;1
GT20-015;GT20-052;1;5 686,00;1
GT20-000;;2;5 054,00;1
GT18-017;;1;8 371,00;1
GT18-012;;3;6 476,00;
GT18-009;;1;6 634,00;1
GT18-008;;2;8 529,00;1
GT18-001;;1;5 844,00;1
GT18-000;;2;5 686,00;1
GT17-168;;3;6 950,00;1
GT17-162BG;;5;16 269,00;1
GT17-153B;;2;8 055,00;
GT17-149;;2;7 266,00;1
GT17-128;;1;7 898,00;1
GT17-117BG;;3;14 216,00;1
GT17-112;;3;7 582,00;1
GT17-110;;1;8 371,00;1
GT17-104-1;;2;6 476,00;1
GT17-104;;1;6 318,00;1
GT17-095;;2;7 740,00;1
GT17-094;;1;7 424,00;1
GT17-092;толстый;1;6 950,00;1
GT17-088;;10;7 424,00;1
GT17-079;;2;5 686,00;1
GT17-074;тонкий;2;6 634,00;1
GT17-073;;11;6 634,00;1
GT17-067;;2;5 370,00;
GT17-066;;7;8 687,00;1
GT17-064;;2;7 108,00;1
GT17-057;;4;6 476,00;1
GT17-050;;1;7 108,00;1
GT17-047;;1;7 108,00;1
GT17-043;;2;6 792,00;1
GT17-028;Старое GT17-083;2;6 950,00;1
GT17-026;;2;6 160,00;1
GT17-024;;3;6 002,00;
GT17-020;;1;6 160,00;1
GT17-017;;1;7 266,00;1
GT17-014;;2;5 686,00;1
GT17-012;;3;5 686,00;
GT17-011;;4;5 528,00;1
GT17-010;;1;6 160,00;1
GT17-008;;7;6 002,00;1
GT17-001;;2;6 318,00;1
GT15-091;;3;6 950,00;1
GT15-086;;1;6 318,00;1
GT15-076;;5;6 634,00;1
GT15-074;;2;6 634,00;1
GT15-070;;1;6 950,00;1
GT15-067;;2;6 634,00;
GT15-065;;2;5 686,00;
GT15-063;;1;5 212,00;1
GT15-057;;2;5 212,00;1
GT15-053;;1;5 054,00;1
GT15-051;;4;5 370,00;1
GT15-033;;3;5 528,00;1
GT15-029;;5;5 212,00;1
GT15-024-1;;2;5 686,00;
GT15-024;;2;5 370,00;1
GT15-017;;1;6 318,00;1
GT15-016;;2;5 212,00;
GT15-014;;1;5 212,00;1
GT15-012;;3;5 054,00;1
GT15-004;;2;4 739,00;1
GT15-001;;4;4 739,00;1
GT14-065B;;1;7 424,00;1
GT14-056B;;1;6 950,00;1
GT14-053-1;;1;7 898,00;1
GT14-048-1B;;1;7 740,00;1
GT14-035;;2;7 740,00;1
GT14-033B;;1;7 898,00;1
GT14-029BR;;1;7 582,00;1
GT14-015;;3;6 160,00;1
GT14-013;;13;5 686,00;1
GT14-008;;2;6 318,00;1
GT14-004;;2;5 370,00;1
GT14-002;;1;7 108,00;1
GT12-059B;;1;7 108,00;1
GT12-041B;;1;6 792,00;1
DSGT-001-L;;1;6 950,00;1
CZ-008;K27-145-01;1;7 582,00;1
CZ-005;C15-505;2;8 687,00;1
CZ-002;C14;4;7 108,00;1
CT9-000;CT9-001,CT9-002,CT12-009;1;7 108,00;1
CT26-000;;1;8 371,00;1
CT20-005;;3;7 582,00;1
CT16-001;;2;5 686,00;
CT16-000;;3;5 528,00;1
CT12B-000;;1;6 792,00;1
CT-VNT7BG;;2;18 638,00;1
CT-VNT5;;1;7 108,00;1
CT-VNT4B;;7;8 055,00;1
CT-VNT3B;;1;8 055,00;1
CT-VNT;CT-VNT;16;5 686,00;1
Co-009BR;Старое RHF5-087,RHF5-122;3;8 213,00;1
Co-008BR;HX7Z-6k682;2;8 055,00;1
BV70-000B;;1;24 798,00;1
BV40-007B;;2;7 266,00;1
BV40-002B;;1;6 950,00;1
BV40-001B;;1;6 792,00;1
BV40-000B;;7;6 318,00;1
BM-006BR;;2;7 582,00;1
BM-003BR;;10;7 582,00;1
B3-000-C1B;;3;15 479,00;1
R2S-071-L;B3-000-C;2;13 426,00;1
B2-061B;53602.1118010,YaMZ 536 Eu;3;12 004,00;1
B2-016;;3;10 425,00;1
B2-007;;8;10 741,00;1
B1-011B;;10;10 899,00;1
B1-008B;;2;10 267,00;1
B1-004;;2;7 740,00;1
B1-002;;1;7 898,00;1
B03-012B;;1;9 003,00;1
B03-004BR;;6;9 161,00;1
B03-003B;;5;8 687,00;1
B03-001;;3;7 898,00;1
B03-000BR;;3;9 161,00;1
B01-004BR;;2;7 266,00;1
B0-006B;;2;6 634,00;1
B0-000B;;2;6 634,00;1
TN-FLP-N55;1853-970-0008;2;1 895,00;
TN-FLP-A278;;3;6 950,00;1
TN-FLP-A276;;1;6 792,00;1
TN-FLP-A271;;4;2 053,00;1
TN-FLP-128;820021;4;3 159,00;1
TN-FLP-53049700033;;1;2 843,00;1
TN-FLP-097;49373-01000;8;1 895,00;
TN-FLP-082;06J145702K/T/L;6;2 527,00;1
FLP-076;10009700076;2;1 895,00;1
FLP-072;49477-02001/2/3/4/5/6/7/8;9;711,00;1
FLP-064; 5303-970-0064;2;537,00;
TN-FLP-060;5303-970-0086;2;1 895,00;1
TN-FLP-055;;2;1 895,00;1
TN-FLP-04E145713Q;Bosch;1;3 317,00;1
FLP-045;5303-970-0159;23;1 422,00;1
FLP-044;5303-970-0110;1;948,00;1
FLP-043;5303-970-0099;2;1 895,00;1
TN-FLP-037;03F145701R/G/F;1;1 580,00;1
FLP-034;781504;1;1 106,00;1
FLP-031;06h145702q;7;821,00;1
TN-FLP-49180-01240;;3;2 843,00;1
NR-VGT-VG6-001;;1;13 110,00;1
NR-VGT-VG1-002;;3;13 110,00;1
NR-VGT-VG1-001;;1;13 426,00;1
NR-VG6-2a;;2;4 107,00;
VG1-9;;10;553,00;1
NR-VG1-8;;14;553,00;1
NR-VG1-4c;;7;1 264,00;1
VG1-2b;;5;2 685,00;1
NR-N158;;1;6 634,00;1
NR-N153;;2;12 478,00;1
NR-N151R;;1;5 844,00;1
NR-N132;;1;5 370,00;1
NR-N121;;3;6 950,00;1
NR-N120;;1;6 792,00;1
NR-N113;;1;6 792,00;
NR-N108;;1;6 002,00;1
NR-N107-1B;;1;632,00;1
NR-N106-1;Старое NR-N108-6;4;6 160,00;1
NR-N098;;2;5 844,00;1
NR-N097-2;;1;5 133,00;1
NR-N092R;;9;5 686,00;1
NR-N092-1;;3;5 686,00;1
NR-N091-1;;2;11 846,00;
NR-N087;;5;6 792,00;1
NR-N085R;;1;5 528,00;
NR-N085-2;;1;4 896,00;1
NR-N085-1;;1;5 054,00;1
NR-N082;;1;5 370,00;1
NR-N081;;2;5 054,00;1
NR-N080-1;;3;6 950,00;1
NR-N078;;4;2 764,00;1
NR-N077-3;;2;3 475,00;1
NR-N077-1;;3;3 475,00;1
NR-N077;;3;3 396,00;1
NR-N076-1;;2;5 686,00;1
NR-N074;;2;5 370,00;1
NR-N070;;2;12 004,00;
NR-N069;;1;5 212,00;1
NR-N068;;1;3 633,00;1
NR-N065;;3;6 002,00;1
NR-N064-3;;4;4 739,00;1
NR-N064;;4;5 054,00;1
NR-N063;;4;7 266,00;1
NR-N062;;2;6 160,00;1
NR-N061;;3;3 159,00;1
NR-N060;;2;3 475,00;1
NR-N058-3B;;2;3 633,00;1
NR-N055B;;2;2 922,00;1
NR-N055-3B;;3;2 606,00;1
NR-N053;;4;7 266,00;1
NR-N050-1;;2;3 633,00;1
NR-N049;;2;3 001,00;1
NR-N044;;2;3 317,00;
NR-N043-1;;3;8 055,00;1
NR-N042;;20;2 843,00;1
NR-N040;;2;6 002,00;1
NR-N037-3B;;2;3 001,00;1
NR-N037-1B;;4;2 606,00;1
NR-N030-1;;1;4 739,00;1
NR-N025;;4;13 742,00;1
NR-N022;;18;5 528,00;1
NR-N021-1B;;5;2 685,00;1
NR-N019;;3;2 843,00;1
NR-N017;;1;4 265,00;1
NR-N012;;2;3 317,00;1
NR-N008-4-S;;2;1 058,00;1
NR-N008-4;;4;4 896,00;1
NR-N008-3-S;;2;1 106,00;1
NR-N008-3;;1;5 212,00;1
NR-N008-2;;2;4 739,00;1
NR-N008-1-S;;1;1 232,00;1
NR-N008-1;;2;4 581,00;1
NR-N005-1;;2;3 080,00;1
NR-N005;;6;3 080,00;1
NR-N002;;2;2 606,00;1
NR-N003-1;;1;2 211,00;
K03-085B;;2;8 529,00;1
TBS-78HA-2000C;;2;3 001,00;
TBS-15T-1999;;2;5 686,00;
B01-011B;;1;7 898,00;1
Turbo-K064-1S;;2;18 164,00;
RK-T4-2;;2;1 501,00;1
TN-Turbo-6412840;202V09100-7841/1387-970-0175;3;41 383,00;
TN-CHRA-C1292;С12-092;3;18 638,00;
TN-AC-H057e;5464802 от he-039b;1;63 180,00;1
TH-G260;TH-G260;1;3 633,00;1
VGT-VG8-005-N;NR-VGT-VG8-005-N;4;12 478,00;1
NR-N021-3;NR-N021-3;2;3 317,00;
B01-014BR;B01-014BR;2;7 266,00;1
TN-Turbo-CZ010-oe;К36-087-01/48597514018;3;20 849,00;1
TN-Turbo-KY001-oe;K0JP095K005 JP100;3;36 329,00;
TN-Turbo-KA017;ТКР 6/D-245.27 D-245S-435/437;1;15 526,00;1
TN-Turbo-GH78;835406-11/12/28211-4C001;2;77 238,00;1
B03-017;;1;9 319,00;1
K14-006;;2;5 844,00;1
Turbo-G040S;;1;24 956,00;
TH-M062S;;2;3 159,00;
TH-K090;;2;3 475,00;
TD03-015BR;;1;6 950,00;
TD02-078B;;1;6 792,00;1
Turbo-G291-1;;3;22 587,00;1
TH-K082;;2;3 791,00;
RHF3-097BR;;3;8 371,00;
KAM-041B;801513 н,о;6;12 478,00;1
K03-025;;2;6 002,00;
TN-K03-137BR;TN-K03-137BR;1;15 163,00;
TN-CZ-043;k27-61;3;11 372,00;1
TN-GT42-038;800992;2;13 110,00;
TN-FLP-5304-0103;5304-970-0103 03L145715;2;1 106,00;1
Turbo-G253;;2;22 587,00;1
RHF4-166B;;1;8 213,00;1
TH-Co003;;1;6 160,00;1
NR-N164;;1;2 843,00;1
RHF4-167BR;;1;8 213,00;1
AC-BW041e;;1;9 319,00;1
TN-Turbo-CZ009-1-yamz;С13-297/285-01/534431118010-40;1;19 744,00;1
TN-Turbo-S082-oe;1376-970-0040 s300;2;29 063,00;1
TN-Turbo-CZ009-CZ;С13-267/295-01/534431118010-10;3;19 744,00;1
TBS-15K-2772;;2;7 266,00;
TBS-15I-3366;;2;5 844,00;1
TBS-15G-4466;;2;5 686,00;1
CT-VNT-1B;;2;6 318,00;1
AC-I219e;;2;8 055,00;1
GT17-060-3B;;24;6 160,00;1
K03-035-1B;;7;6 792,00;1
TH-M050S;;3;4 896,00;1
TH-M013;;1;3 317,00;1
TH-M038S;;2;4 739,00;
K03-136B;;1;7 424,00;1
GT17-113R;;1;7 266,00;1
TN-Turbo-S294;AL-2013, A4710903480;2;81 344,00;
VGT-SET9;;3;7 424,00;1
NR-N163;;1;12 004,00;
KAM-027-1;TKP-6;3;13 426,00;1
KAM-027;TKP-6.1;4;9 161,00;1
NR-N083-4;;1;5 686,00;
TN-Turbo-S066-OE;316429/316699/a0060966699;1;19 358,00;
FLP-097;49373-01000;12;1 027,00;1
NR-N121-1;;2;7 108,00;
HE4-007B;;2;37 592,00;1
AC-K275e;;2;5 686,00;1
S3-197-1B;;2;39 172,00;
BV40-009B;;3;8 371,00;1
Turbo-H045;HE351W/4955908/4043980;1;15 163,00;1
RK-G25-2-2;;3;2 685,00;1
EAM-002;B;2;1 580,00;1
NR-N095R;;1;6 792,00;1
Turbo-M290;;1;15 795,00;1
RK-KA13-1;;5;1 580,00;1
TH-M061;;1;3 633,00;1
R2S-073-HB;;3;9 161,00;1
GT42-020-2B;;2;15 479,00;
GT17-227B;;1;10 267,00;
B03-009BR;;3;9 161,00;1
B03-007BR;;2;9 161,00;1
B01-027B;;3;7 582,00;1
VGT-VG8-007;;1;13 268,00;
B03-024BR;;1;10 109,00;1
RK-H17-2;;3;2 211,00;
GK-0806;;3;205,00;1
KAM-040B;TKP 800512 new;3;16 537,00;1
TN-Turbo-3785228-oe;3785228;3;27 483,00;
HE4-047B;;2;54 967,00;1
EAM-004;D мотор;4;1 974,00;1
TN-TH-H131;5356555/1118010-M35-0000;1;8 687,00;1
Turbo-I199;;1;13 900,00;
Turbo-T031-1;;2;30 326,00;
TD04-079;;3;5 686,00;1
BV38-000BR;;1;6 792,00;1
NR-N142;;2;7 424,00;1
RK-BW4-9R;;2;1 295,00;1
TH-BW030;;1;4 423,00;1
R2S-063-HB;;3;9 477,00;1
GT12-033-1B;;2;7 108,00;
B03-014BR;;1;8 845,00;1
GT12-040B;;2;7 266,00;1
RK-G26-5;;4;1 816,00;1
TH-G437;;1;4 107,00;1
TD04-090;;3;7 266,00;1
TD02-068BR;;3;6 318,00;1
Turbo-G820;;2;34 749,00;1
Turbo-VF009-OE;2430-003-003 8889786506;1;82 766,00;
Turbo-KA001-5FB;7с6м/740601118012;3;14 216,00;1
Turbo-KA001-4FB;7с6м/740601118013;3;14 216,00;1
Turbo-K105S;;2;31 906,00;
TN-Turbo-S056-oe;1274-970-0003;4;16 427,00;1
TN-Turbo-S056-1-oe;1274-970-0004;3;16 427,00;1
TN-HE4-007B;;1;61 443,00;
K03-137BR;;2;7 424,00;1
GT14-030;;1;7 582,00;1
TN-RHF4-099;vp71/1118010-a02-aa/jqp53;1;8 529,00;
TN-FLP-R2S;R2S-005-L;2;3 475,00;1
HX5-067;;2;11 530,00;
TH-G331;;1;3 791,00;1
GK-0380-1;;4;237,00;1
NR-N171;;1;13 268,00;1
RHF5-102;;2;6 476,00;1
RK-KY3-1;;3;1 532,00;
NR-N169;;1;7 740,00;
TF035-048B;;4;6 634,00;
HX-079B;;1;10 425,00;1
TN-EAA-001;D поводок;11;790,00;1
TN-Turbo-BW042-oe;1147-970-0043;3;49 438,00;
TH-I016-3;Старое TH-I016-3;6;6 160,00;1
Co-010BR;;3;11 057,00;1
GT14-096B;;1;7 266,00;1
BM-009BR;;1;8 213,00;
R2S-041-LB;;2;8 687,00;
GT14-085B;;2;7 898,00;
TN-FLP-131;28231-2GTA1;2;2 843,00;1
TH-BW087M;;2;15 163,00;1
RK-I28-1;;2;1 264,00;
RK-G66-1;;2;1 690,00;
RK-BW1-2;;2;1 106,00;
NR-N086;;1;5 054,00;1
GK-0408;;2;237,00;1
EAW-001;C;4;711,00;1
EAI-001;C индикатор;4;1 042,00;1
BM-019B;;4;7 424,00;
RK-G19-13-1;;2;948,00;1
Turbo-G813;;1;29 221,00;1
AC-G659e;;1;11 530,00;
AC-G568e;;2;8 055,00;
TN-Turbo-C1292-oe;ТКР С12-92-01;2;18 796,00;1
TH-CZ004;;4;3 712,00;1
